Supplementary Data 1 | DNMT3A sgRNA library sequences and annotations,,,,,,,,,,,,,,,
sgRNA_ID,sgRNA_seq,Gene,sgRNA_pos,sgRNA_strand,Edit_window,Targeted_exon,Win_overlap,C_count,Splice_check,Mut_type,Domain,Mut_list_3A1,Edit_site_3A1,Mut_list_3A2,Edit_site_3A2
DNMT3A2_001,GACTGCAGAGGGGCTGCACC,DNMT3A,25252224,sense,"(25252217, 25252221)",0,5'-UTR,1,None,Non-exon,5'-UTR,None,-1,None,-1
DNMT3A2_002,AGGGGCTGCACCTGGCCTTA,DNMT3A,25252216,sense,"(25252209, 25252213)",0,5'-UTR,1,None,Non-exon,5'-UTR,None,-1,None,-1
DNMT3A2_003,GGGGCTGCACCTGGCCTTAT,DNMT3A,25252215,sense,"(25252208, 25252212)",0,5'-UTR,2,None,Non-exon,5'-UTR,None,-1,None,-1
DNMT3A2_004,CTGCACCTGGCCTTATGGGT,DNMT3A,25252211,sense,"(25252204, 25252208)",0,5'-UTR,3,None,Non-exon,5'-UTR,None,-1,None,-1
DNMT3A2_005,AGGAACCTACCCATAAGGCC,DNMT3A,25252184,antisense,"(25252187, 25252191)",0,Intron,2,None,Non-exon,Intron,None,-1,None,-1
DNMT3A2_006,TGGCCTTATGGGTAGGTTCC,DNMT3A,25252204,sense,"(25252197, 25252201)",0,Exon/5'-UTR,2,None,Non-exon,5'-UTR,None,-1,None,-1
DNMT3A2_007,CGTCCAGGAACCTACCCATA,DNMT3A,25252179,antisense,"(25252182, 25252186)",0,Intron,2,None,Non-exon,Intron,None,-1,None,-1
DNMT3A2_008,CTTATGGGTAGGTTCCTGGA,DNMT3A,25252200,sense,"(25252193, 25252197)",0,Exon/Intron,0,None,No_C/Exon,Nterm,None,-1,None,1
DNMT3A2_009,TAGGTTCCTGGACGGAGCCC,DNMT3A,25252192,sense,"(25252185, 25252189)",0,Intron,2,None,Non-exon,Intron,None,-1,None,-1
DNMT3A2_010,AGGTTCCTGGACGGAGCCCC,DNMT3A,25252191,sense,"(25252184, 25252188)",0,Intron,2,None,Non-exon,Intron,None,-1,None,-1
DNMT3A2_011,GGTTCCTGGACGGAGCCCCG,DNMT3A,25252190,sense,"(25252183, 25252187)",0,Intron,2,None,Non-exon,Intron,None,-1,None,-1
DNMT3A2_012,GTCTCCCCGGGGCTCCGTCC,DNMT3A,25252164,antisense,"(25252167, 25252171)",0,Intron,4,None,Non-exon,Intron,None,-1,None,-1
DNMT3A2_013,GGACGGAGCCCCGGGGAGAC,DNMT3A,25252183,sense,"(25252176, 25252180)",0,Intron,1,None,Non-exon,Intron,None,-1,None,-1
DNMT3A2_014,GACGGAGCCCCGGGGAGACC,DNMT3A,25252182,sense,"(25252175, 25252179)",0,Intron,1,None,Non-exon,Intron,None,-1,None,-1
DNMT3A2_015,ACGGAGCCCCGGGGAGACCG,DNMT3A,25252181,sense,"(25252174, 25252178)",0,Intron,2,None,Non-exon,Intron,None,-1,None,-1
DNMT3A2_016,CGGAGCCCCGGGGAGACCGG,DNMT3A,25252180,sense,"(25252173, 25252177)",0,Intron,3,None,Non-exon,Intron,None,-1,None,-1
DNMT3A2_017,AGCCCCGGGGAGACCGGGGG,DNMT3A,25252177,sense,"(25252170, 25252174)",0,Intron,3,None,Non-exon,Intron,None,-1,None,-1
DNMT3A2_018,GCCCCGGGGAGACCGGGGGC,DNMT3A,25252176,sense,"(25252169, 25252173)",0,Intron,2,None,Non-exon,Intron,None,-1,None,-1
DNMT3A2_019,CCCCGCCCCCGGTCTCCCCG,DNMT3A,25252153,antisense,"(25252156, 25252160)",0,Intron,4,None,Non-exon,Intron,None,-1,None,-1
DNMT3A2_020,CCCCGGGGAGACCGGGGGCG,DNMT3A,25252175,sense,"(25252168, 25252172)",0,Intron,1,None,Non-exon,Intron,None,-1,None,-1
DNMT3A2_021,TCCCCGCCCCCGGTCTCCCC,DNMT3A,25252152,antisense,"(25252155, 25252159)",0,Intron,4,None,Non-exon,Intron,None,-1,None,-1
DNMT3A2_022,CTCCCCGCCCCCGGTCTCCC,DNMT3A,25252151,antisense,"(25252154, 25252158)",0,Intron,4,None,Non-exon,Intron,None,-1,None,-1
DNMT3A2_023,CGGGGAGACCGGGGGCGGGG,DNMT3A,25252172,sense,"(25252165, 25252169)",0,Intron,0,None,No_C/Non-exon,Intron,None,-1,None,-1
DNMT3A2_024,GGAGACCGGGGGCGGGGAGG,DNMT3A,25252169,sense,"(25252162, 25252166)",0,Intron,2,None,Non-exon,Intron,None,-1,None,-1
DNMT3A2_025,AGGATTTCATTCTCCTTTGT,DNMT3A,25249746,sense,"(25249739, 25249743)",1,Intron,1,None,Non-exon,Intron,None,-1,None,-1
DNMT3A2_026,GGATTTCATTCTCCTTTGTA,DNMT3A,25249745,sense,"(25249738, 25249742)",1,Intron,1,None,Non-exon,Intron,None,-1,None,-1
DNMT3A2_027,ATTCTCCTTTGTAGGGATCC,DNMT3A,25249738,sense,"(25249731, 25249735)",1,Intron,3,None,Non-exon,Intron,None,-1,None,-1
DNMT3A2_028,CCGCTCCAGGATCCCTACAA,DNMT3A,25249711,antisense,"(25249714, 25249718)",1,Exon,3,None,Missense,Nterm,Not_in_3A1,-1,E5K,5
DNMT3A2_029,CCTTTGTAGGGATCCTGGAG,DNMT3A,25249733,sense,"(25249726, 25249730)",1,Intron,0,None,No_C/Non-exon,Intron,None,-1,None,-1
DNMT3A2_030,CTTTGTAGGGATCCTGGAGC,DNMT3A,25249732,sense,"(25249725, 25249729)",1,Intron,0,None,No_C/Non-exon,Intron,None,-1,None,-1
DNMT3A2_031,TCCTGGAGCGGGTTGTGAGA,DNMT3A,25249721,sense,"(25249714, 25249718)",1,Exon,0,None,No_C/Exon,Nterm,None,-1,None,5
DNMT3A2_032,TCCTTCTCACAACCCGCTCC,DNMT3A,25249698,antisense,"(25249701, 25249705)",1,Exon,2,None,Missense,Nterm,Not_in_3A1,-1,R9K,9
DNMT3A2_033,GAGCGGGTTGTGAGAAGGAA,DNMT3A,25249716,sense,"(25249709, 25249713)",1,Exon,1,None,Missense,Nterm,Not_in_3A1,-1,R6W,6
DNMT3A2_034,AGCGGGTTGTGAGAAGGAAT,DNMT3A,25249715,sense,"(25249708, 25249712)",1,Exon,0,None,No_C/Exon,Nterm,None,-1,None,7
DNMT3A2_035,TGTGAGAAGGAATGGGCGCG,DNMT3A,25249708,sense,"(25249701, 25249705)",1,Exon,0,None,No_C/Exon,Nterm,None,-1,None,9
DNMT3A2_036,CCGTATCACACTCGTCTTTC,DNMT3A,25249656,antisense,"(25249659, 25249663)",1,Exon,1,None,Missense,Nterm,Not_in_3A1,-1,D23N,23
DNMT3A2_037,CCTGAAAGACGAGTGTGATA,DNMT3A,25249678,sense,"(25249671, 25249675)",1,Exon,0,None,No_C/Exon,Nterm,None,-1,None,19
DNMT3A2_038,GACGAGTGTGATACGGTGAA,DNMT3A,25249671,sense,"(25249664, 25249668)",1,Exon,0,None,No_C/Exon,Nterm,None,-1,None,21
DNMT3A2_039,AGTGTGATACGGTGAAAGGA,DNMT3A,25249667,sense,"(25249660, 25249664)",1,Exon,0,None,No_C/Exon,Nterm,None,-1,None,23
DNMT3A2_040,GTGATACGGTGAAAGGATGG,DNMT3A,25249664,sense,"(25249657, 25249661)",1,Exon,1,None,Missense,Nterm,Not_in_3A1,-1,T24M,24
DNMT3A2_041,AAAGGATGGAGGCTGTGCAA,DNMT3A,25249653,sense,"(25249646, 25249650)",1,Intron,0,None,No_C/Non-exon,Intron,None,-1,None,-1
DNMT3A2_042,AAGGATGGAGGCTGTGCAAT,DNMT3A,25249652,sense,"(25249645, 25249649)",1,Intron,0,None,No_C/Non-exon,Intron,None,-1,None,-1
DNMT3A2_043,CTGTGCAATGGGAGAATAAC,DNMT3A,25249641,sense,"(25249634, 25249638)",1,Intron,1,None,Non-exon,Intron,None,-1,None,-1
DNMT3A2_044,TGTGCAATGGGAGAATAACT,DNMT3A,25249640,sense,"(25249633, 25249637)",1,Intron,1,None,Non-exon,Intron,None,-1,None,-1
DNMT3A2_045,GTGCAATGGGAGAATAACTG,DNMT3A,25249639,sense,"(25249632, 25249636)",1,Intron,1,None,Non-exon,Intron,None,-1,None,-1
DNMT3A2_046,ATGGGAGAATAACTGGGGTT,DNMT3A,25249634,sense,"(25249627, 25249631)",1,Intron,0,None,No_C/Non-exon,Intron,None,-1,None,-1
DNMT3A2_047,TTGGCTTTCTTCTCAGCCTG,DNMT3A,25248236,antisense,"(25248239, 25248243)",2,Exon,1,None,Missense,Nterm,A218T,218,A29T,29
DNMT3A2_048,CTTGGCTTTCTTCTCAGCCT,DNMT3A,25248235,antisense,"(25248238, 25248242)",2,Exon,1,None,Missense,Nterm,A218T,218,A29T,29
DNMT3A2_049,CCTTGGCTTTCTTCTCAGCC,DNMT3A,25248234,antisense,"(25248237, 25248241)",2,Exon,1,None,Missense,Nterm,A218T,218,A29T,29
DNMT3A2_050,CCAGGCTGAGAAGAAAGCCA,DNMT3A,25248256,sense,"(25248249, 25248253)",2,Exon/Intron,1,None,Missense,Nterm,A214V,214,A25V,25
DNMT3A2_051,AAGAAAGCCAAGGTCATTGC,DNMT3A,25248246,sense,"(25248239, 25248243)",2,Exon,1,None,Missense,Nterm,A218V,218,A29V,29
DNMT3A2_052,ATTCATTCCTGCAATGACCT,DNMT3A,25248217,antisense,"(25248220, 25248224)",2,Exon,2,None,Missense,Nterm,"G223E, M224I",223.5,"G34E, M35I",34.5
DNMT3A2_053,CATTGCAGGAATGAATGCTG,DNMT3A,25248232,sense,"(25248225, 25248229)",2,Exon,1,None,Missense,Nterm,A222V,222,A33V,33
DNMT3A2_054,GAATGCTGTGGAAGAAAACC,DNMT3A,25248220,sense,"(25248213, 25248217)",2,Exon,1,None,Missense,Nterm,A226V,226,A37V,37
DNMT3A2_055,AATGCTGTGGAAGAAAACCA,DNMT3A,25248219,sense,"(25248212, 25248216)",2,Exon,1,None,Missense,Nterm,A226V,226,A37V,37
DNMT3A2_056,ATGCTGTGGAAGAAAACCAG,DNMT3A,25248218,sense,"(25248211, 25248215)",2,Exon,1,None,Missense,Nterm,A226V,226,A37V,37
DNMT3A2_057,GTGGAAGAAAACCAGGGGCC,DNMT3A,25248213,sense,"(25248206, 25248210)",2,Exon,0,None,No_C/Exon,Nterm,None,228,None,39
DNMT3A2_058,TGGAAGAAAACCAGGGGCCC,DNMT3A,25248212,sense,"(25248205, 25248209)",2,Exon,0,None,No_C/Exon,Nterm,None,229,None,40
DNMT3A2_059,GGAAGAAAACCAGGGGCCCG,DNMT3A,25248211,sense,"(25248204, 25248208)",2,Exon,0,None,No_C/Exon,Nterm,None,229,None,40
DNMT3A2_060,TCTGAGACTCCCCGGGCCCC,DNMT3A,25248180,antisense,"(25248183, 25248187)",2,Exon,1,None,Silent,Nterm,None,236,None,47
DNMT3A2_061,GGGGCCCGGGGAGTCTCAGA,DNMT3A,25248199,sense,"(25248192, 25248196)",2,Exon,3,None,Missense,Nterm,P233F,233,P44F,44
DNMT3A2_062,GCCCGGGGAGTCTCAGAAGG,DNMT3A,25248196,sense,"(25248189, 25248193)",2,Exon,1,None,Silent,Nterm,None,234,None,45
DNMT3A2_063,TCCACCTTCTGAGACTCCCC,DNMT3A,25248173,antisense,"(25248176, 25248180)",2,Exon,2,None,Missense,Nterm,V239M,239,V50M,50
DNMT3A2_064,CTCCACCTTCTGAGACTCCC,DNMT3A,25248172,antisense,"(25248175, 25248179)",2,Exon,3,None,Missense,Nterm,V239I,239,V50I,50
DNMT3A2_065,CGGGGAGTCTCAGAAGGTGG,DNMT3A,25248193,sense,"(25248186, 25248190)",2,Exon,0,None,No_C/Exon,Nterm,None,235,None,46
DNMT3A2_066,GGAGTCTCAGAAGGTGGAGG,DNMT3A,25248190,sense,"(25248183, 25248187)",2,Exon,2,None,Nonsense,Nterm,"S236F, Q237*",237,"S47F, Q48*",48
DNMT3A2_067,CTGCTGCACAGCAGGAGGGC,DNMT3A,25248145,antisense,"(25248148, 25248152)",2,Exon,2,None,Silent,Nterm,None,248,None,59
DNMT3A2_068,TGGGCTGCTGCACAGCAGGA,DNMT3A,25248141,antisense,"(25248144, 25248148)",2,Exon,2,None,Silent,Nterm,None,249,None,60
DNMT3A2_069,GTGGGCTGCTGCACAGCAGG,DNMT3A,25248140,antisense,"(25248143, 25248147)",2,Exon,1,None,Silent,Nterm,None,249,None,60
DNMT3A2_070,TCAGTGGGCTGCTGCACAGC,DNMT3A,25248137,antisense,"(25248140, 25248144)",2,Exon,0,None,No_C/Exon,Nterm,None,250,None,61
DNMT3A2_071,GTGGGGGATGCGGGGTCAGT,DNMT3A,25248122,antisense,"(25248125, 25248129)",2,Exon,0,None,No_C/Exon,Nterm,None,255,None,66
DNMT3A2_072,AGTGGGGGATGCGGGGTCAG,DNMT3A,25248121,antisense,"(25248124, 25248128)",2,Exon,0,None,No_C/Exon,Nterm,None,256,None,67
DNMT3A2_073,TGACCCCGCATCCCCCACTG,DNMT3A,25248139,sense,"(25248132, 25248136)",2,Exon,4,None,Missense,Nterm,P253F,253,P64F,64
DNMT3A2_074,TAGCCACAGTGGGGGATGCG,DNMT3A,25248114,antisense,"(25248117, 25248121)",2,Exon,3,None,Missense,Nterm,"V258I, A259T",258.5,"V69I, A70T",69.5
DNMT3A2_075,GTAGCCACAGTGGGGGATGC,DNMT3A,25248113,antisense,"(25248116, 25248120)",2,Exon,3,None,Missense,Nterm,"V258I, A259T",258.5,"V69I, A70T",69.5
DNMT3A2_076,GGTAGCCACAGTGGGGGATG,DNMT3A,25248112,antisense,"(25248115, 25248119)",2,Exon,2,None,Missense,Nterm,A259T,259,A70T,70
DNMT3A2_077,AGGCGTGGTAGCCACAGTGG,DNMT3A,25248106,antisense,"(25248109, 25248113)",2,Exon,1,None,Silent,Nterm,None,261,None,72
DNMT3A2_078,CAGGCGTGGTAGCCACAGTG,DNMT3A,25248105,antisense,"(25248108, 25248112)",2,Exon,1,None,Silent,Nterm,None,261,None,72
DNMT3A2_079,TCAGGCGTGGTAGCCACAGT,DNMT3A,25248104,antisense,"(25248107, 25248111)",2,Exon,1,None,Silent,Nterm,None,261,None,72
DNMT3A2_080,CTCAGGCGTGGTAGCCACAG,DNMT3A,25248103,antisense,"(25248106, 25248110)",2,Exon,1,None,Silent,Nterm,None,262,None,73
DNMT3A2_081,GGCTACCACGCCTGAGCCCG,DNMT3A,25248118,sense,"(25248111, 25248115)",2,Exon,2,None,Missense,Nterm,T260I,260,T71I,71
DNMT3A2_082,GCTACCACGCCTGAGCCCGT,DNMT3A,25248117,sense,"(25248110, 25248114)",2,Exon,3,None,Missense,Nterm,"T260I, T261M",260.5,"T71I, T72M",71.5
DNMT3A2_083,CTACCACGCCTGAGCCCGTG,DNMT3A,25248116,sense,"(25248109, 25248113)",2,Exon,3,None,Missense,Nterm,"T260I, T261M",260.5,"T71I, T72M",71.5
DNMT3A2_084,GGACCCCACGGGCTCAGGCG,DNMT3A,25248091,antisense,"(25248094, 25248098)",2,Exon,4,None,Missense,Nterm,G266K,266,G77K,77
DNMT3A2_085,GCATCGGACCCCACGGGCTC,DNMT3A,25248086,antisense,"(25248089, 25248093)",2,Exon,1,None,Missense,Nterm,D268N,268,D79N,79
DNMT3A2_086,GAGCCCGTGGGGTCCGATGC,DNMT3A,25248105,sense,"(25248098, 25248102)",2,Exon,3,None,Missense,Nterm,P264F,264,P75F,75
DNMT3A2_087,AGCCCGTGGGGTCCGATGCT,DNMT3A,25248104,sense,"(25248097, 25248101)",2,Exon,2,None,Missense,Nterm,P264L,264,P75L,75
DNMT3A2_088,GCCCGTGGGGTCCGATGCTG,DNMT3A,25248103,sense,"(25248096, 25248100)",2,Exon,1,None,Silent,Nterm,None,265,None,76
DNMT3A2_089,TCCCCAGCATCGGACCCCAC,DNMT3A,25248080,antisense,"(25248083, 25248087)",2,Exon,3,None,Missense,Nterm,"A269T, G270K",269.5,"A80T, G81K",80.5
DNMT3A2_090,GTCCCCAGCATCGGACCCCA,DNMT3A,25248079,antisense,"(25248082, 25248086)",2,Exon,3,None,Missense,Nterm,G270K,270,G81K,81
DNMT3A2_091,GGCATTCTTGTCCCCAGCAT,DNMT3A,25248070,antisense,"(25248073, 25248077)",2,Exon,1,None,Silent,Nterm,None,273,None,84
DNMT3A2_092,GACAAGAATGCCACCAAAGC,DNMT3A,25248081,sense,"(25248074, 25248078)",2,Exon,0,None,No_C/Exon,Nterm,None,272,None,83
DNMT3A2_093,CTCGTCATCGCCTGCTTTGG,DNMT3A,25248049,antisense,"(25248052, 25248056)",2,Exon,1,None,Missense,Nterm,D280N,280,D91N,91
DNMT3A2_094,TGGCTCGTCATCGCCTGCTT,DNMT3A,25248046,antisense,"(25248049, 25248053)",2,Exon,2,None,Missense,Nterm,E281K,281,E92K,92
DNMT3A2_095,CGATGACGAGCCAGAGTACG,DNMT3A,25248058,sense,"(25248051, 25248055)",2,Exon,1,None,Silent,Nterm,None,280,None,91
DNMT3A2_096,GAGCCAGAGTACGAGGTGAG,DNMT3A,25248051,sense,"(25248044, 25248048)",2,Exon,2,None,Missense,Nterm,P282L,282,P93L,93
DNMT3A2_097,AAGCCGCTCACCTCGTACTC,DNMT3A,25248026,antisense,"(25248029, 25248033)",2,Intron,3,None,Non-exon,Intron,None,-1,None,-1
DNMT3A2_098,AGCGGCTTCTTCACCAGCCG,DNMT3A,25248033,sense,"(25248026, 25248030)",2,Intron,1,None,Non-exon,Intron,None,-1,None,-1
DNMT3A2_099,CGGAAAGAGCTGGCCACGGC,DNMT3A,25247998,antisense,"(25248001, 25248005)",2,Intron,0,None,No_C/Non-exon,Intron,None,-1,None,-1
DNMT3A2_100,CAGCCGTGGCCAGCTCTTTC,DNMT3A,25248019,sense,"(25248012, 25248016)",2,Intron,2,None,Non-exon,Intron,None,-1,None,-1
DNMT3A2_101,AGCCGTGGCCAGCTCTTTCC,DNMT3A,25248018,sense,"(25248011, 25248015)",2,Intron,1,None,Non-exon,Intron,None,-1,None,-1
DNMT3A2_102,GCCGTGGCCAGCTCTTTCCG,DNMT3A,25248017,sense,"(25248010, 25248014)",2,Intron,1,None,Non-exon,Intron,None,-1,None,-1
DNMT3A2_103,CCCCCGGAAAGAGCTGGCCA,DNMT3A,25247994,antisense,"(25247997, 25248001)",2,Intron,2,None,Non-exon,Intron,None,-1,None,-1
DNMT3A2_104,CCGTGGCCAGCTCTTTCCGG,DNMT3A,25248016,sense,"(25248009, 25248013)",2,Intron,2,None,Non-exon,Intron,None,-1,None,-1
DNMT3A2_105,GGAAGGCCCCCGGAAAGAGC,DNMT3A,25247988,antisense,"(25247991, 25247995)",2,Intron,2,None,Non-exon,Intron,None,-1,None,-1
DNMT3A2_106,GTAATGATTTCTGCTCCTTG,DNMT3A,25247778,sense,"(25247771, 25247775)",3,Intron,0,None,No_C/Non-exon,Intron,None,-1,None,-1
DNMT3A2_107,TTTCTGCTCCTTGGGGCTCC,DNMT3A,25247771,sense,"(25247764, 25247768)",3,Intron,2,None,Non-exon,Intron,None,-1,None,-1
DNMT3A2_108,TGCTCCTTGGGGCTCCAGGA,DNMT3A,25247767,sense,"(25247760, 25247764)",3,Intron,2,None,Non-exon,Intron,None,-1,None,-1
DNMT3A2_109,CCGGCCGTCCTGGAGCCCCA,DNMT3A,25247741,antisense,"(25247744, 25247748)",3,Exon,2,None,Missense,Nterm,G287N,287,G98N,98
DNMT3A2_110,CCTTGGGGCTCCAGGACGGC,DNMT3A,25247763,sense,"(25247756, 25247760)",3,Intron,0,None,No_C/Non-exon,Intron,None,-1,None,-1
DNMT3A2_111,CTTGGGGCTCCAGGACGGCC,DNMT3A,25247762,sense,"(25247755, 25247759)",3,Intron,1,None,Non-exon,Intron,None,-1,None,-1
DNMT3A2_112,TTGGGGCTCCAGGACGGCCG,DNMT3A,25247761,sense,"(25247754, 25247758)",3,Intron,1,None,Non-exon,Intron,None,-1,None,-1
DNMT3A2_113,CTCCAGGACGGCCGGGGCTT,DNMT3A,25247755,sense,"(25247748, 25247752)",3,Exon/Intron,1,None,Non-exon,Intron,None,-1,None,-1
DNMT3A2_114,TGCCAAAGCCCCGGCCGTCC,DNMT3A,25247731,antisense,"(25247734, 25247738)",3,Exon,1,None,Missense,Nterm,G291S,291,G102S,102
DNMT3A2_115,GACGGCCGGGGCTTTGGCAT,DNMT3A,25247749,sense,"(25247742, 25247746)",3,Exon,2,None,Missense,Nterm,R288W,288,R99W,99
DNMT3A2_116,ACGGCCGGGGCTTTGGCATT,DNMT3A,25247748,sense,"(25247741, 25247745)",3,Exon,2,None,Missense,Nterm,R288W,288,R99W,99
DNMT3A2_117,CGGCCGGGGCTTTGGCATTG,DNMT3A,25247747,sense,"(25247740, 25247744)",3,Exon,2,None,Missense,Nterm,R288W,288,R99W,99
DNMT3A2_118,GCTCCCCAATGCCAAAGCCC,DNMT3A,25247722,antisense,"(25247725, 25247729)",3,Exon,4,None,Missense,PWWP,"G293K, E294K",293.5,"G104K, E105K",104.5
DNMT3A2_119,GGGCTTTGGCATTGGGGAGC,DNMT3A,25247741,sense,"(25247734, 25247738)",3,Exon,1,None,Silent,Nterm,None,290,None,101
DNMT3A2_120,TTGGCATTGGGGAGCTGGTG,DNMT3A,25247736,sense,"(25247729, 25247733)",3,Exon,1,None,Silent,PWWP,None,292,None,103
DNMT3A2_121,TGGCATTGGGGAGCTGGTGT,DNMT3A,25247735,sense,"(25247728, 25247732)",3,Exon,1,None,Silent,PWWP,None,292,None,103
DNMT3A2_122,GGCATTGGGGAGCTGGTGTG,DNMT3A,25247734,sense,"(25247727, 25247731)",3,Exon,0,None,No_C/Exon,PWWP,None,292,None,103
DNMT3A2_123,GCATTGGGGAGCTGGTGTGG,DNMT3A,25247733,sense,"(25247726, 25247730)",3,Exon,0,None,No_C/Exon,PWWP,None,293,None,104
DNMT3A2_124,AGCTGGTGTGGGGGAAACTG,DNMT3A,25247724,sense,"(25247717, 25247721)",3,Exon,0,None,No_C/Exon,PWWP,None,296,None,107
DNMT3A2_125,GCTGGTGTGGGGGAAACTGC,DNMT3A,25247723,sense,"(25247716, 25247720)",3,Exon,0,None,No_C/Exon,PWWP,None,296,None,107
DNMT3A2_126,CTGGTGTGGGGGAAACTGCG,DNMT3A,25247722,sense,"(25247715, 25247719)",3,Exon,0,None,No_C/Exon,PWWP,None,296,None,107
DNMT3A2_127,GGAAACTGCGGGGCTTCTCC,DNMT3A,25247712,sense,"(25247705, 25247709)",3,Exon,1,None,Silent,PWWP,None,300,None,111
DNMT3A2_128,AACTGCGGGGCTTCTCCTGG,DNMT3A,25247709,sense,"(25247702, 25247706)",3,Exon,1,None,Missense,PWWP,R301W,301,R112W,112
DNMT3A2_129,CGGGGCTTCTCCTGGTGGCC,DNMT3A,25247704,sense,"(25247697, 25247701)",3,Exon,1,None,Silent,PWWP,None,302,None,113
DNMT3A2_130,CACAATGCGGCCTGGCCACC,DNMT3A,25247672,antisense,"(25247675, 25247679)",3,Exon,1,None,Missense,PWWP,R309H,309,R120H,120
DNMT3A2_131,GGCCAGGCCGCATTGTGTCT,DNMT3A,25247688,sense,"(25247681, 25247685)",3,Exon,2,None,Missense,PWWP,P307L,307,P118L,118
DNMT3A2_132,CACCAAGACACAATGCGGCC,DNMT3A,25247664,antisense,"(25247667, 25247671)",3,Exon,1,None,Nonsense,PWWP,W313*,313,W124*,124
DNMT3A2_133,CAGGCCGCATTGTGTCTTGG,DNMT3A,25247685,sense,"(25247678, 25247682)",3,Exon,3,None,Missense,PWWP,R309C,309,R120C,120
DNMT3A2_134,TCATCCACCAAGACACAATG,DNMT3A,25247659,antisense,"(25247662, 25247666)",3,Exon,3,None,Nonsense,PWWP,"W313*, W314*",313.5,"W124*, W125*",124.5
DNMT3A2_135,CATTGTGTCTTGGTGGATGA,DNMT3A,25247678,sense,"(25247671, 25247675)",3,Exon,0,None,No_C/Exon,PWWP,None,311,None,122
DNMT3A2_136,ATTGTGTCTTGGTGGATGAC,DNMT3A,25247677,sense,"(25247670, 25247674)",3,Exon,1,None,Missense,PWWP,S312F,312,S123F,123
DNMT3A2_137,TGTCTTGGTGGATGACGGGC,DNMT3A,25247673,sense,"(25247666, 25247670)",3,Exon,1,None,Missense,PWWP,S312F,312,S123F,123
DNMT3A2_138,GGCCGGAGCCGAGCAGCTGA,DNMT3A,25247656,sense,"(25247649, 25247653)",3,Exon,1,None,Missense,PWWP,R318W,318,R129W,129
DNMT3A2_139,TGCCTTCAGCTGCTCGGCTC,DNMT3A,25247632,antisense,"(25247635, 25247639)",3,Exon,2,None,Missense,PWWP,"E323K, G324S",323.5,"E134K, G135S",134.5
DNMT3A2_140,AGCGGGTGCCTTCAGCTGCT,DNMT3A,25247626,antisense,"(25247629, 25247633)",3,Exon,0,None,No_C/Exon,PWWP,None,325,None,136
DNMT3A2_141,GAGCAGCTGAAGGCACCCGC,DNMT3A,25247646,sense,"(25247639, 25247643)",3,Exon,2,None,Missense,PWWP,"A321V, A322V",321.5,"A132V, A133V",132.5
DNMT3A2_142,AGCAGCTGAAGGCACCCGCT,DNMT3A,25247645,sense,"(25247638, 25247642)",3,Exon,1,None,Missense,PWWP,A322V,322,A133V,133
DNMT3A2_143,AAGGCACCCGCTGGGTCATG,DNMT3A,25247637,sense,"(25247630, 25247634)",3,Exon,3,None,Missense,PWWP,T325I,325,T136I,136
DNMT3A2_144,ACCCGCTGGGTCATGTGGTT,DNMT3A,25247632,sense,"(25247625, 25247629)",3,Exon,2,None,Missense,PWWP,R326C,326,R137C,137
DNMT3A2_145,TCCGAACCACATGACCCAGC,DNMT3A,25247609,antisense,"(25247612, 25247616)",3,Exon,2,None,Nonsense,PWWP,W330*,330,W141*,141
DNMT3A2_146,CTCCGAACCACATGACCCAG,DNMT3A,25247608,antisense,"(25247611, 25247615)",3,Exon,2,None,Nonsense,PWWP,"W330*, G332R",330,"W141*, G143R",141
DNMT3A2_147,TGGGTCATGTGGTTCGGAGA,DNMT3A,25247626,sense,"(25247619, 25247623)",3,Exon,1,None,Silent,PWWP,None,328,None,139
DNMT3A2_148,CGGAGACGGCAAATTCTCAG,DNMT3A,25247612,sense,"(25247605, 25247609)",3,Exon,1,None,Silent,PWWP,None,333,None,144
DNMT3A2_149,AAATTCTCAGTGGTAAGTTG,DNMT3A,25247602,sense,"(25247595, 25247599)",3,Exon,2,None,Missense,PWWP,S337L,337,S148L,148
DNMT3A2_150,AATTCTCAGTGGTAAGTTGT,DNMT3A,25247601,sense,"(25247594, 25247598)",3,Exon,2,None,Missense,PWWP,S337L,337,S148L,148
DNMT3A2_151,ATTCTCAGTGGTAAGTTGTG,DNMT3A,25247600,sense,"(25247593, 25247597)",3,Exon,2,None,Missense,PWWP,S337L,337,S148L,148
DNMT3A2_152,CAGTGGTAAGTTGTGGGGTT,DNMT3A,25247595,sense,"(25247588, 25247592)",3,Exon/Intron,0,None,No_C/Exon,PWWP,None,338,None,149
DNMT3A2_153,TGTGGGGTTTGGCAGTAGCC,DNMT3A,25247584,sense,"(25247577, 25247581)",3,Intron,0,None,No_C/Non-exon,Intron,None,-1,None,-1
DNMT3A2_154,GTGGGGTTTGGCAGTAGCCT,DNMT3A,25247583,sense,"(25247576, 25247580)",3,Intron,0,None,No_C/Non-exon,Intron,None,-1,None,-1
DNMT3A2_155,TGGGGTTTGGCAGTAGCCTG,DNMT3A,25247582,sense,"(25247575, 25247579)",3,Intron,0,None,No_C/Non-exon,Intron,None,-1,None,-1
DNMT3A2_156,GGTTTGGCAGTAGCCTGGGG,DNMT3A,25247579,sense,"(25247572, 25247576)",3,Intron,1,None,Non-exon,Intron,None,-1,None,-1
DNMT3A2_157,GTTTGGCAGTAGCCTGGGGT,DNMT3A,25247578,sense,"(25247571, 25247575)",3,Intron,1,None,Non-exon,Intron,None,-1,None,-1
DNMT3A2_158,TTTGGCAGTAGCCTGGGGTG,DNMT3A,25247577,sense,"(25247570, 25247574)",3,Intron,1,None,Non-exon,Intron,None,-1,None,-1
DNMT3A2_159,TTGGCAGTAGCCTGGGGTGG,DNMT3A,25247576,sense,"(25247569, 25247573)",3,Intron,1,None,Non-exon,Intron,None,-1,None,-1
DNMT3A2_160,CAGTAGCCTGGGGTGGGGGA,DNMT3A,25247572,sense,"(25247565, 25247569)",3,Intron,2,None,Non-exon,Intron,None,-1,None,-1
DNMT3A2_161,CAAGAACCTTCCCCCACCCC,DNMT3A,25247544,antisense,"(25247547, 25247551)",3,Intron,2,None,Non-exon,Intron,None,-1,None,-1
DNMT3A2_162,AAGGCCTGGCTTGTCCCCCC,DNMT3A,25247180,sense,"(25247173, 25247177)",4,Intron,2,None,Non-exon,Intron,None,-1,None,-1
DNMT3A2_163,CACACCTGGGGGGACAAGCC,DNMT3A,25247154,antisense,"(25247157, 25247161)",4,Exon/Intron,2,Splice-acceptor,Splice,Splice,V339M,-1,V150M,-1
DNMT3A2_164,CTTCTCAACACACACCTGGG,DNMT3A,25247144,antisense,"(25247147, 25247151)",4,Exon,2,None,Missense,PWWP,E342K,342,E153K,153
DNMT3A2_165,GCTTCTCAACACACACCTGG,DNMT3A,25247143,antisense,"(25247146, 25247150)",4,Exon,2,None,Missense,PWWP,E342K,342,E153K,153
DNMT3A2_166,AGCTTCTCAACACACACCTG,DNMT3A,25247142,antisense,"(25247145, 25247149)",4,Exon,2,None,Missense,PWWP,E342K,342,E153K,153
DNMT3A2_167,CAGCTTCTCAACACACACCT,DNMT3A,25247141,antisense,"(25247144, 25247148)",4,Exon,2,None,Silent,PWWP,None,343,None,154
DNMT3A2_168,TCAGCTTCTCAACACACACC,DNMT3A,25247140,antisense,"(25247143, 25247147)",4,Exon,2,None,Silent,PWWP,None,343,None,154
DNMT3A2_169,GCACTGCAAAACGAGCTCAG,DNMT3A,25247115,antisense,"(25247118, 25247122)",4,Exon,2,None,Missense,Inter1,"C351Y, S352N",351.5,"C162Y, S163N",162.5
DNMT3A2_170,GCTTGTTGTACGTGGCCTGG,DNMT3A,25247089,antisense,"(25247092, 25247096)",4,Exon,0,None,No_C/Exon,Inter1,None,360,None,171
DNMT3A2_171,GCTGCTTGTTGTACGTGGCC,DNMT3A,25247086,antisense,"(25247089, 25247093)",4,Exon,1,None,Silent,Inter1,None,361,None,172
DNMT3A2_172,CATGGGCTGCTTGTTGTACG,DNMT3A,25247081,antisense,"(25247084, 25247088)",4,Exon,1,None,Silent,Inter1,None,363,None,174
DNMT3A2_173,TAGATGGCTTTGCGGTACAT,DNMT3A,25247064,antisense,"(25247067, 25247071)",4,Exon,1,None,Missense,Inter1,A368T,368,A179T,179
DNMT3A2_174,GTAGATGGCTTTGCGGTACA,DNMT3A,25247063,antisense,"(25247066, 25247070)",4,Exon,0,None,No_C/Exon,Inter1,None,369,None,180
DNMT3A2_175,GTACCGCAAAGCCATCTACG,DNMT3A,25247081,sense,"(25247074, 25247078)",4,Exon,3,None,Missense,Inter1,R366C,366,R177C,177
DNMT3A2_176,GGACCTCGTAGATGGCTTTG,DNMT3A,25247056,antisense,"(25247059, 25247063)",4,Exon,3,None,Missense,Inter1,"E371K, V372I",371.5,"E182K, V183I",182.5
DNMT3A2_177,AGCCATCTACGAGGTCCTGC,DNMT3A,25247072,sense,"(25247065, 25247069)",4,Exon,2,None,Silent,Inter1,None,369,None,180
DNMT3A2_178,CACCTGCAGGACCTCGTAGA,DNMT3A,25247048,antisense,"(25247051, 25247055)",4,Exon,2,None,Silent,Inter1,None,374,None,185
DNMT3A2_179,CAGCAGGGACACTCACCTGC,DNMT3A,25247035,antisense,"(25247038, 25247042)",4,Intron,1,None,Non-exon,Intron,None,-1,None,-1
DNMT3A2_180,CTGCAGGTGAGTGTCCCTGC,DNMT3A,25247056,sense,"(25247049, 25247053)",4,Exon/Intron,1,None,Nonsense,Inter1,Q374*,374,Q185*,185
DNMT3A2_181,TGCAGGTGAGTGTCCCTGCT,DNMT3A,25247055,sense,"(25247048, 25247052)",4,Exon/Intron,0,None,No_C/Exon,Inter1,None,374,None,185
DNMT3A2_182,GAGTGTCCCTGCTGGGAGCT,DNMT3A,25247048,sense,"(25247041, 25247045)",4,Intron,2,None,Non-exon,Intron,None,-1,None,-1
DNMT3A2_183,TGTCCCTGCTGGGAGCTCGG,DNMT3A,25247045,sense,"(25247038, 25247042)",4,Intron,3,None,Non-exon,Intron,None,-1,None,-1
DNMT3A2_184,CCTCCTCCGAGCTCCCAGCA,DNMT3A,25247020,antisense,"(25247023, 25247027)",4,Intron,4,None,Non-exon,Intron,None,-1,None,-1
DNMT3A2_185,CCCTGCTGGGAGCTCGGAGG,DNMT3A,25247042,sense,"(25247035, 25247039)",4,Intron,1,None,Non-exon,Intron,None,-1,None,-1
DNMT3A2_186,TCCTCCTCCGAGCTCCCAGC,DNMT3A,25247019,antisense,"(25247022, 25247026)",4,Intron,3,None,Non-exon,Intron,None,-1,None,-1
DNMT3A2_187,GAGGAGGAGCCTAGAGCACT,DNMT3A,25247026,sense,"(25247019, 25247023)",4,Intron,0,None,No_C/Non-exon,Intron,None,-1,None,-1
DNMT3A2_188,GAGGAGCCTAGAGCACTAGG,DNMT3A,25247023,sense,"(25247016, 25247020)",4,Intron,2,None,Non-exon,Intron,None,-1,None,-1
DNMT3A2_189,AGGGTGACACGCCAGGGTTG,DNMT3A,25246781,antisense,"(25246784, 25246788)",5,Intron,1,None,Non-exon,Intron,None,-1,None,-1
DNMT3A2_190,GAGGGTGACACGCCAGGGTT,DNMT3A,25246780,antisense,"(25246783, 25246787)",5,Intron,0,None,No_C/Non-exon,Intron,None,-1,None,-1
DNMT3A2_191,GGAGGGTGACACGCCAGGGT,DNMT3A,25246779,antisense,"(25246782, 25246786)",5,Intron,0,None,No_C/Non-exon,Intron,None,-1,None,-1
DNMT3A2_192,ACCCTGGCGTGTCACCCTCC,DNMT3A,25246798,sense,"(25246791, 25246795)",5,Intron,2,None,Non-exon,Intron,None,-1,None,-1
DNMT3A2_193,ACCTGGAGGGTGACACGCCA,DNMT3A,25246775,antisense,"(25246778, 25246782)",5,Intron,0,None,No_C/Non-exon,Intron,None,-1,None,-1
DNMT3A2_194,CACCTGGAGGGTGACACGCC,DNMT3A,25246774,antisense,"(25246777, 25246781)",5,Intron,1,Splice-acceptor,Splice,Splice,None,-1,None,-1
DNMT3A2_195,CTGGCGTGTCACCCTCCAGG,DNMT3A,25246795,sense,"(25246788, 25246792)",5,Intron,1,None,Non-exon,Intron,None,-1,None,-1
DNMT3A2_196,GCGGCTGCTGGCCACCTGGA,DNMT3A,25246762,antisense,"(25246765, 25246769)",5,Exon,2,None,Missense,Inter1,"S377N, S378N",377.5,"S188N, S189N",188.5
DNMT3A2_197,CGCGGCTGCTGGCCACCTGG,DNMT3A,25246761,antisense,"(25246764, 25246768)",5,Exon,1,None,Missense,Inter1,S378N,378,S189N,189
DNMT3A2_198,CCGCGCGGCTGCTGGCCACC,DNMT3A,25246758,antisense,"(25246761, 25246765)",5,Exon,2,None,Missense,Inter1,"R379H, A380T",379.5,"R190H, A191T",190.5
DNMT3A2_199,CCAGGTGGCCAGCAGCCGCG,DNMT3A,25246780,sense,"(25246773, 25246777)",5,Exon/Intron,0,None,No_C/Exon,Inter1,None,375,None,186
DNMT3A2_200,CAGGTGGCCAGCAGCCGCGC,DNMT3A,25246779,sense,"(25246772, 25246776)",5,Exon,1,None,Missense,Inter1,A376V,376,A187V,187
DNMT3A2_201,AGGTGGCCAGCAGCCGCGCG,DNMT3A,25246778,sense,"(25246771, 25246775)",5,Exon,2,None,Missense,Inter1,A376V,376,A187V,187
DNMT3A2_202,CAGCTTCCCCGCGCGGCTGC,DNMT3A,25246750,antisense,"(25246753, 25246757)",5,Exon,3,None,Missense,Inter1,G381E,381,G192E,192
DNMT3A2_203,CCGGGAACAGCTTCCCCGCG,DNMT3A,25246743,antisense,"(25246746, 25246750)",5,Exon,1,None,Silent,Inter1,None,384,None,195
DNMT3A2_204,CCGCGCGGGGAAGCTGTTCC,DNMT3A,25246765,sense,"(25246758, 25246762)",5,Exon,2,None,Missense,Inter1,A380V,380,A191V,191
DNMT3A2_205,CATCGCTGTCGTGGCACACC,DNMT3A,25246725,antisense,"(25246728, 25246732)",5,Exon,2,None,Missense,Inter1,"S390N, D391N",390.5,"S201N, D202N",201.5
DNMT3A2_206,TCATCGCTGTCGTGGCACAC,DNMT3A,25246724,antisense,"(25246727, 25246731)",5,Exon,2,None,Missense,Inter1,"S390N, D391N",390.5,"S201N, D202N",201.5
DNMT3A2_207,TGTCACTCTCATCGCTGTCG,DNMT3A,25246716,antisense,"(25246719, 25246723)",5,Exon,3,None,Missense,Inter1,"S393N, D394N",393.5,"S204N, D205N",204.5
DNMT3A2_208,CGATGAGAGTGACACTGCCA,DNMT3A,25246729,sense,"(25246722, 25246726)",5,Exon,0,None,No_C/Exon,Inter1,None,392,None,203
DNMT3A2_209,GAGTGACACTGCCAAGGCCG,DNMT3A,25246723,sense,"(25246716, 25246720)",5,Exon,1,None,Silent,Inter1,None,394,None,205
DNMT3A2_210,TGACACTGCCAAGGCCGTGG,DNMT3A,25246720,sense,"(25246713, 25246717)",5,Exon,2,None,Missense,Inter1,T395I,395,T206I,206
DNMT3A2_211,GTTCTGCACCTCCACGGCCT,DNMT3A,25246690,antisense,"(25246693, 25246697)",5,Exon,2,None,Silent,Inter1,None,402,None,213
DNMT3A2_212,GGGCTTGTTCTGCACCTCCA,DNMT3A,25246684,antisense,"(25246687, 25246691)",5,Exon,1,None,Silent,Inter1,None,404,None,215
DNMT3A2_213,AGAACAAGCCCATGATTGAA,DNMT3A,25246694,sense,"(25246687, 25246691)",5,Exon,1,None,Silent,Inter1,None,404,None,215
DNMT3A2_214,GAACAAGCCCATGATTGAAT,DNMT3A,25246693,sense,"(25246686, 25246690)",5,Exon,2,None,Missense,Inter1,P405S,405,P216S,216
DNMT3A2_215,GCCCATGATTGAATGGGCCC,DNMT3A,25246687,sense,"(25246680, 25246684)",5,Exon,1,None,Silent,Inter1,None,406,None,217
DNMT3A2_216,CCCAGGGCCCATTCAATCAT,DNMT3A,25246664,antisense,"(25246667, 25246671)",5,Exon,1,None,Missense,Inter1,A410T,410,A221T,221
DNMT3A2_217,CCCATGATTGAATGGGCCCT,DNMT3A,25246686,sense,"(25246679, 25246683)",5,Exon,0,None,No_C/Exon,Inter1,None,406,None,217
DNMT3A2_218,CCCCAGGGCCCATTCAATCA,DNMT3A,25246663,antisense,"(25246666, 25246670)",5,Exon,1,None,Silent,Inter1,None,411,None,222
DNMT3A2_219,CCATGATTGAATGGGCCCTG,DNMT3A,25246685,sense,"(25246678, 25246682)",5,Exon,0,None,No_C/Exon,Inter1,None,407,None,218
DNMT3A2_220,CATGATTGAATGGGCCCTGG,DNMT3A,25246684,sense,"(25246677, 25246681)",5,Exon,0,None,No_C/Exon,Inter1,None,407,None,218
DNMT3A2_221,ATGATTGAATGGGCCCTGGG,DNMT3A,25246683,sense,"(25246676, 25246680)",5,Exon,0,None,No_C/Exon,Inter1,None,407,None,218
DNMT3A2_222,AGAAGGCTGGAAGCCCCCCA,DNMT3A,25246648,antisense,"(25246651, 25246655)",5,Exon,1,None,Silent,Inter1,None,416,None,227
DNMT3A2_223,CAGAAGGCTGGAAGCCCCCC,DNMT3A,25246647,antisense,"(25246650, 25246654)",5,Exon,1,None,Silent,Inter1,None,416,None,227
DNMT3A2_224,CTGGGGGGCTTCCAGCCTTC,DNMT3A,25246668,sense,"(25246661, 25246665)",5,Exon,0,None,No_C/Exon,Inter1,None,412,None,223
DNMT3A2_225,CTTCCAGCCTTCTGGCCCTA,DNMT3A,25246660,sense,"(25246653, 25246657)",5,Exon,3,None,Nonsense,Inter1,"Q415*, P416S",415,"Q226*, P227S",226
DNMT3A2_226,TTCCAGCCTTCTGGCCCTAA,DNMT3A,25246659,sense,"(25246652, 25246656)",5,Exon,3,None,Nonsense,Inter1,"Q415*, P416F",415,"Q226*, P227F",226
DNMT3A2_227,GGCCCTTAGGGCCAGAAGGC,DNMT3A,25246635,antisense,"(25246638, 25246642)",5,Exon,2,None,Missense,Inter1,G421S,421,G232S,232
DNMT3A2_228,GCCTTCTGGCCCTAAGGGCC,DNMT3A,25246654,sense,"(25246647, 25246651)",5,Exon,1,None,Missense,Inter1,S417F,417,S228F,228
DNMT3A2_229,TCCAGGCCCTTAGGGCCAGA,DNMT3A,25246631,antisense,"(25246634, 25246638)",5,Exon,2,None,Missense,Inter1,G421N,421,G232N,232
DNMT3A2_230,CTGGTGGCTCCAGGCCCTTA,DNMT3A,25246623,antisense,"(25246626, 25246630)",5,Exon,1,None,Silent,Inter1,None,424,None,235
DNMT3A2_231,TCTGGTGGCTCCAGGCCCTT,DNMT3A,25246622,antisense,"(25246625, 25246629)",5,Exon,0,None,No_C/Exon,Inter1,None,424,None,235
DNMT3A2_232,AAGGGCCTGGAGCCACCAGA,DNMT3A,25246641,sense,"(25246634, 25246638)",5,Exon,2,None,Silent,Inter1,None,421,None,232
DNMT3A2_233,ATTTACCTTCTGGTGGCTCC,DNMT3A,25246614,antisense,"(25246617, 25246621)",5,Exon/Intron,2,Splice-donor,Splice,Splice,E427K,-1,E238K,-1
DNMT3A2_234,GAGCCACCAGAAGGTAAATG,DNMT3A,25246632,sense,"(25246625, 25246629)",5,Exon,4,None,Missense,Inter1,"P424L, P425L",424.5,"P235L, P236L",235.5
DNMT3A2_235,AGCCACCAGAAGGTAAATGA,DNMT3A,25246631,sense,"(25246624, 25246628)",5,Exon,3,None,Missense,Inter1,"P424L, P425L",424.5,"P235L, P236L",235.5
DNMT3A2_236,TGCCCTCATTTACCTTCTGG,DNMT3A,25246607,antisense,"(25246610, 25246614)",5,Intron,3,None,Non-exon,Intron,None,-1,None,-1
DNMT3A2_237,GGGTGCCCTCATTTACCTTC,DNMT3A,25246604,antisense,"(25246607, 25246611)",5,Intron,3,None,Non-exon,Intron,None,-1,None,-1
DNMT3A2_238,AATGAGGGCACCCAGCTTTC,DNMT3A,25246616,sense,"(25246609, 25246613)",5,Intron,0,None,No_C/Non-exon,Intron,None,-1,None,-1
DNMT3A2_239,ATGAGGGCACCCAGCTTTCT,DNMT3A,25246615,sense,"(25246608, 25246612)",5,Intron,1,None,Non-exon,Intron,None,-1,None,-1
DNMT3A2_240,GGCAGGGGTCCCAGAAAGCT,DNMT3A,25246584,antisense,"(25246587, 25246591)",5,Intron,0,None,No_C/Non-exon,Intron,None,-1,None,-1
DNMT3A2_241,GGGCAGGGGTCCCAGAAAGC,DNMT3A,25246583,antisense,"(25246586, 25246590)",5,Intron,1,None,Non-exon,Intron,None,-1,None,-1
DNMT3A2_242,TTCTGGGACCCCTGCCCGCC,DNMT3A,25246599,sense,"(25246592, 25246596)",5,Intron,0,None,No_C/Non-exon,Intron,None,-1,None,-1
DNMT3A2_243,TGGATCTGCCTGGCGGGCAG,DNMT3A,25246569,antisense,"(25246572, 25246576)",5,Intron,1,None,Non-exon,Intron,None,-1,None,-1
DNMT3A2_244,GAGGAGGAAAGCAGGTGCCA,DNMT3A,25246313,antisense,"(25246316, 25246320)",6,Intron,0,None,No_C/Non-exon,Intron,None,-1,None,-1
DNMT3A2_245,CTCTTCTGGAGGAGGAAAGC,DNMT3A,25246305,antisense,"(25246308, 25246312)",6,Exon/Intron,1,Splice-acceptor,Splice,Splice,None,-1,None,-1
DNMT3A2_246,GGATTCTTCTCTTCTGGAGG,DNMT3A,25246297,antisense,"(25246300, 25246304)",6,Exon,1,None,Silent,Inter1,None,429,None,240
DNMT3A2_247,TAGGGATTCTTCTCTTCTGG,DNMT3A,25246294,antisense,"(25246297, 25246301)",6,Exon,0,None,No_C/Exon,Inter1,None,430,None,241
DNMT3A2_248,TTGTAGGGATTCTTCTCTTC,DNMT3A,25246291,antisense,"(25246294, 25246298)",6,Exon,0,None,No_C/Exon,Inter1,None,431,None,242
DNMT3A2_249,TCCCTACAAAGAAGTGTACA,DNMT3A,25246299,sense,"(25246292, 25246296)",6,Exon,2,None,Silent,Inter1,None,432,None,243
DNMT3A2_250,TCCGTGTACACTTCTTTGTA,DNMT3A,25246276,antisense,"(25246279, 25246283)",6,Exon,0,None,No_C/Exon,Inter1,None,436,None,247
DNMT3A2_251,GTCCGTGTACACTTCTTTGT,DNMT3A,25246275,antisense,"(25246278, 25246282)",6,Exon,1,None,Silent,Inter1,None,437,None,248
DNMT3A2_252,AAGAAGTGTACACGGACATG,DNMT3A,25246291,sense,"(25246284, 25246288)",6,Exon,0,None,No_C/Exon,Inter1,None,435,None,246
DNMT3A2_253,AGAAGTGTACACGGACATGT,DNMT3A,25246290,sense,"(25246283, 25246287)",6,Exon,0,None,No_C/Exon,Inter1,None,435,None,246
DNMT3A2_254,AGTGTACACGGACATGTGGG,DNMT3A,25246287,sense,"(25246280, 25246284)",6,Exon,1,None,Silent,Inter1,None,436,None,247
DNMT3A2_255,GGACATGTGGGTGGAACCTG,DNMT3A,25246278,sense,"(25246271, 25246275)",6,Exon,1,None,Silent,Inter1,None,439,None,250
DNMT3A2_256,GGTGCGTAGGCAGCTGCCTC,DNMT3A,25246240,antisense,"(25246243, 25246247)",6,Exon,1,None,Missense,Inter1,A449T,449,A260T,260
DNMT3A2_257,GGCTGGTGGAGGTGGTGCGT,DNMT3A,25246227,antisense,"(25246230, 25246234)",6,Exon,0,None,No_C/Exon,Inter1,None,453,None,264
DNMT3A2_258,CTCCACCAGCCAAAAAGCCC,DNMT3A,25246237,sense,"(25246230, 25246234)",6,Exon,3,None,Missense,Inter1,"P452L, P453L",452.5,"P263L, P264L",263.5
DNMT3A2_259,AAAGCCCCGGAAGAGCACAG,DNMT3A,25246224,sense,"(25246217, 25246221)",6,Exon,4,None,Missense,Inter1,"P457F, R458W",457.5,"P268F, R269W",268.5
DNMT3A2_260,TTCTCCGCTGTGCTCTTCCG,DNMT3A,25246198,antisense,"(25246201, 25246205)",6,Exon,3,None,Missense,Inter1,"A462T, E463K",462.5,"A273T, E274K",273.5
DNMT3A2_261,CTTCTCCGCTGTGCTCTTCC,DNMT3A,25246197,antisense,"(25246200, 25246204)",6,Exon,3,None,Missense,Inter1,E463K,463,E274K,274
DNMT3A2_262,GCTTCTCCGCTGTGCTCTTC,DNMT3A,25246196,antisense,"(25246199, 25246203)",6,Exon,3,None,Missense,Inter1,E463K,463,E274K,274
DNMT3A2_263,GAGCACAGCGGAGAAGCCCA,DNMT3A,25246212,sense,"(25246205, 25246209)",6,Exon,2,None,Missense,Inter1,T461I,461,T272I,272
DNMT3A2_264,AGCGGAGAAGCCCAAGGTCA,DNMT3A,25246206,sense,"(25246199, 25246203)",6,Exon,0,None,No_C/Exon,Inter1,None,463,None,274
DNMT3A2_265,TCAATAATCTCCTTGACCTT,DNMT3A,25246174,antisense,"(25246177, 25246181)",6,Exon,0,None,No_C/Exon,Inter1,None,470,None,281
DNMT3A2_266,ATCAATAATCTCCTTGACCT,DNMT3A,25246173,antisense,"(25246176, 25246180)",6,Exon,0,None,No_C/Exon,Inter1,None,471,None,282
DNMT3A2_267,ATTATTGATGAGCGCACAAG,DNMT3A,25246181,sense,"(25246174, 25246178)",6,Exon,0,None,No_C/Exon,Inter1,None,471,None,282
DNMT3A2_268,ATGAGCGCACAAGAGGTAGT,DNMT3A,25246174,sense,"(25246167, 25246171)",6,Exon,2,None,Missense,Inter1,R474C,474,R285C,285
DNMT3A2_269,AGAGGTAGTTGGCCTGCTTC,DNMT3A,25246163,sense,"(25246156, 25246160)",6,Exon/Intron,0,None,No_C/Exon,Inter1,None,477,None,288
DNMT3A2_270,TAGTTGGCCTGCTTCTGGAG,DNMT3A,25246158,sense,"(25246151, 25246155)",6,Intron,1,None,Non-exon,Intron,None,-1,None,-1
DNMT3A2_271,AGTTGGCCTGCTTCTGGAGA,DNMT3A,25246157,sense,"(25246150, 25246154)",6,Intron,2,None,Non-exon,Intron,None,-1,None,-1
DNMT3A2_272,TGGCCTGCTTCTGGAGAGGG,DNMT3A,25246154,sense,"(25246147, 25246151)",6,Intron,3,None,Non-exon,Intron,None,-1,None,-1
DNMT3A2_273,GTGCCACCCTCTCCAGAAGC,DNMT3A,25246129,antisense,"(25246132, 25246136)",6,Intron,4,None,Non-exon,Intron,None,-1,None,-1
DNMT3A2_274,CTTCTGGAGAGGGTGGCACC,DNMT3A,25246147,sense,"(25246140, 25246144)",6,Intron,1,None,Non-exon,Intron,None,-1,None,-1
DNMT3A2_275,CTGGAGAGGGTGGCACCAGG,DNMT3A,25246144,sense,"(25246137, 25246141)",6,Intron,0,None,No_C/Non-exon,Intron,None,-1,None,-1
DNMT3A2_276,CACCAGGAGGCCTGCATCCG,DNMT3A,25246131,sense,"(25246124, 25246128)",6,Intron,1,None,Non-exon,Intron,None,-1,None,-1
DNMT3A2_277,GGGAGGAGAGCTGGCGTCAG,DNMT3A,25246072,antisense,"(25246075, 25246079)",7,Intron,0,None,No_C/Non-exon,Intron,None,-1,None,-1
DNMT3A2_278,CTCTGCAAGGGGAGGAGAGC,DNMT3A,25246063,antisense,"(25246066, 25246070)",7,Intron,1,None,Non-exon,Intron,None,-1,None,-1
DNMT3A2_279,GCTCTCCTCCCCTTGCAGAG,DNMT3A,25246082,sense,"(25246075, 25246079)",7,Intron,3,None,Non-exon,Intron,None,-1,None,-1
DNMT3A2_280,TCCTCCCCTTGCAGAGCGGC,DNMT3A,25246078,sense,"(25246071, 25246075)",7,Intron,4,None,Non-exon,Intron,None,-1,None,-1
DNMT3A2_281,ACCAGCCGCTCTGCAAGGGG,DNMT3A,25246055,antisense,"(25246058, 25246062)",7,Exon,2,None,Missense,Inter1,R478Q,478,R289Q,289
DNMT3A2_282,TACACCAGCCGCTCTGCAAG,DNMT3A,25246052,antisense,"(25246055, 25246059)",7,Exon,2,None,Missense,Inter1,V480M,480,V291M,291
DNMT3A2_283,GTACACCAGCCGCTCTGCAA,DNMT3A,25246051,antisense,"(25246054, 25246058)",7,Exon,3,None,Missense,Inter1,V480I,480,V291I,291
DNMT3A2_284,CGTACACCAGCCGCTCTGCA,DNMT3A,25246050,antisense,"(25246053, 25246057)",7,Exon,3,None,Missense,Inter1,V480I,480,V291I,291
DNMT3A2_285,TGCAGAGCGGCTGGTGTACG,DNMT3A,25246069,sense,"(25246062, 25246066)",7,Exon/Intron,1,None,Missense,Inter1,R478W,478,R289W,289
DNMT3A2_286,AGCGGCTGGTGTACGAGGTG,DNMT3A,25246064,sense,"(25246057, 25246061)",7,Exon,1,None,Silent,Inter1,None,479,None,290
DNMT3A2_287,ACGAGGTGCGGCAGAAGTGC,DNMT3A,25246052,sense,"(25246045, 25246049)",7,Exon,0,None,No_C/Exon,ADD,None,483,None,294
DNMT3A2_288,GCAGAAGTGCCGGAACATTG,DNMT3A,25246042,sense,"(25246035, 25246039)",7,Exon,0,None,No_C/Exon,ADD,None,486,None,297
DNMT3A2_289,CAGAAGTGCCGGAACATTGA,DNMT3A,25246041,sense,"(25246034, 25246038)",7,Exon,0,None,No_C/Exon,ADD,None,486,None,297
DNMT3A2_290,CAAACTTACCCTCAATGTTC,DNMT3A,25246011,antisense,"(25246014, 25246018)",7,Intron,1,None,Non-exon,Intron,None,-1,None,-1
DNMT3A2_291,TTGAGGGTAAGTTTGTTGCC,DNMT3A,25246025,sense,"(25246018, 25246022)",7,Exon/Intron,0,None,No_C/Exon,ADD,None,491,None,302
DNMT3A2_292,TGAGGGTAAGTTTGTTGCCT,DNMT3A,25246024,sense,"(25246017, 25246021)",7,Exon/Intron,0,None,No_C/Exon,ADD,None,491.5,None,302.5
DNMT3A2_293,AGTTTGTTGCCTGGGAACTC,DNMT3A,25246016,sense,"(25246009, 25246013)",7,Intron,0,None,No_C/Non-exon,Intron,None,-1,None,-1
DNMT3A2_294,CTAGGAGTGCCAGAGTTCCC,DNMT3A,25245985,antisense,"(25245988, 25245992)",7,Intron,0,None,No_C/Non-exon,Intron,None,-1,None,-1
DNMT3A2_295,GAACTCTGGCACTCCTAGTG,DNMT3A,25246002,sense,"(25245995, 25245999)",7,Intron,2,None,Non-exon,Intron,None,-1,None,-1
DNMT3A2_296,CTGGCACTCCTAGTGTGGCA,DNMT3A,25245997,sense,"(25245990, 25245994)",7,Intron,2,None,Non-exon,Intron,None,-1,None,-1
DNMT3A2_297,TGGCACTCCTAGTGTGGCAT,DNMT3A,25245996,sense,"(25245989, 25245993)",7,Intron,3,None,Non-exon,Intron,None,-1,None,-1
DNMT3A2_298,GGCACTCCTAGTGTGGCATG,DNMT3A,25245995,sense,"(25245988, 25245992)",7,Intron,3,None,Non-exon,Intron,None,-1,None,-1
DNMT3A2_299,GAAAGCAGAGGGAGGGGATG,DNMT3A,25245336,antisense,"(25245339, 25245343)",8,Intron,1,None,Non-exon,Intron,None,-1,None,-1
DNMT3A2_300,GGAAAGCAGAGGGAGGGGAT,DNMT3A,25245335,antisense,"(25245338, 25245342)",8,Intron,1,None,Non-exon,Intron,None,-1,None,-1
DNMT3A2_301,TGGAAAGCAGAGGGAGGGGA,DNMT3A,25245334,antisense,"(25245337, 25245341)",8,Intron,1,None,Non-exon,Intron,None,-1,None,-1
DNMT3A2_302,TGTCTGGAAAGCAGAGGGAG,DNMT3A,25245330,antisense,"(25245333, 25245337)",8,Intron,1,Splice-acceptor,Splice,Splice,None,-1,None,-1
DNMT3A2_303,ATGTCTGGAAAGCAGAGGGA,DNMT3A,25245329,antisense,"(25245332, 25245336)",8,Exon/Intron,1,Splice-acceptor,Splice,Splice,None,-1,None,-1
DNMT3A2_304,GATGTCTGGAAAGCAGAGGG,DNMT3A,25245328,antisense,"(25245331, 25245335)",8,Exon/Intron,1,Splice-acceptor,Splice,Splice,None,-1,None,-1
DNMT3A2_305,GCAGATGTCTGGAAAGCAGA,DNMT3A,25245325,antisense,"(25245328, 25245332)",8,Exon,0,None,No_C/Exon,ADD,None,493,None,304
DNMT3A2_306,TGCAGATGTCTGGAAAGCAG,DNMT3A,25245324,antisense,"(25245327, 25245331)",8,Exon,0,None,No_C/Exon,ADD,None,493,None,304
DNMT3A2_307,CCACAGGAGATGCAGATGTC,DNMT3A,25245314,antisense,"(25245317, 25245321)",8,Exon,1,None,Missense,ADD,C497Y,497,C308Y,308
DNMT3A2_308,CCAGACATCTGCATCTCCTG,DNMT3A,25245336,sense,"(25245329, 25245333)",8,Exon/Intron,1,None,Silent,ADD,None,492.5,None,303.5
DNMT3A2_309,CAGACATCTGCATCTCCTGT,DNMT3A,25245335,sense,"(25245328, 25245332)",8,Exon,2,None,Silent,ADD,None,493,None,304
DNMT3A2_310,GGTAACATTGAGGCTCCCAC,DNMT3A,25245298,antisense,"(25245301, 25245305)",8,Exon,1,None,Missense,ADD,V502I,502,V313I,313
DNMT3A2_311,TGGGAGCCTCAATGTTACCC,DNMT3A,25245316,sense,"(25245309, 25245313)",8,Exon,2,None,Missense,ADD,L500F,500,L311F,311
DNMT3A2_312,GGTGTTCCAGGGTAACATTG,DNMT3A,25245288,antisense,"(25245291, 25245295)",8,Exon,2,None,Missense,ADD,E505K,505,E316K,316
DNMT3A2_313,AACGAAGAGGGGGTGTTCCA,DNMT3A,25245277,antisense,"(25245280, 25245284)",8,Exon,0,None,No_C/Exon,ADD,None,509,None,320
DNMT3A2_314,CAACGAAGAGGGGGTGTTCC,DNMT3A,25245276,antisense,"(25245279, 25245283)",8,Exon,1,None,Missense,ADD,V510I,510,V321I,321
DNMT3A2_315,CTGGAACACCCCCTCTTCGT,DNMT3A,25245297,sense,"(25245290, 25245294)",8,Exon,1,None,Missense,ADD,H506Y,506,H317Y,317
DNMT3A2_316,GAACACCCCCTCTTCGTTGG,DNMT3A,25245294,sense,"(25245287, 25245291)",8,Exon,4,None,Missense,ADD,"H506Y, P507F",506.5,"H317Y, P318F",317.5
DNMT3A2_317,ACATTCCTCCAACGAAGAGG,DNMT3A,25245267,antisense,"(25245270, 25245274)",8,Exon,2,None,Missense,ADD,G512K,512,G323K,323
DNMT3A2_318,CACATTCCTCCAACGAAGAG,DNMT3A,25245266,antisense,"(25245269, 25245273)",8,Exon,2,None,Missense,ADD,G512K,512,G323K,323
DNMT3A2_319,GCACATTCCTCCAACGAAGA,DNMT3A,25245265,antisense,"(25245268, 25245272)",8,Exon,2,None,Missense,ADD,"G512E, M513I",512.5,"G323E, M324I",323.5
DNMT3A2_320,GGCACATTCCTCCAACGAAG,DNMT3A,25245264,antisense,"(25245267, 25245271)",8,Exon,1,None,Missense,ADD,M513I,513,M324I,324
DNMT3A2_321,AGGAATGTGCCAAAACTGCA,DNMT3A,25245274,sense,"(25245267, 25245271)",8,Exon,0,None,No_C/Exon,ADD,None,513,None,324
DNMT3A2_322,ATGTGCCAAAACTGCAAGGT,DNMT3A,25245270,sense,"(25245263, 25245267)",8,Exon,2,None,Nonsense,ADD,Q515*,515,Q326*,326
DNMT3A2_323,GTGCTCCTACCTTGCAGTTT,DNMT3A,25245243,antisense,"(25245246, 25245250)",8,Intron,3,None,Non-exon,Intron,None,-1,None,-1
DNMT3A2_324,AGGTAGGAGCACACCCACCC,DNMT3A,25245254,sense,"(25245247, 25245251)",8,Intron,0,None,No_C/Non-exon,Intron,None,-1,None,-1
DNMT3A2_325,GGAGCACACCCACCCAGGAG,DNMT3A,25245249,sense,"(25245242, 25245246)",8,Intron,2,None,Non-exon,Intron,None,-1,None,-1
DNMT3A2_326,CAACGGCACCTCTCCTGGGT,DNMT3A,25245219,antisense,"(25245222, 25245226)",8,Intron,2,None,Non-exon,Intron,None,-1,None,-1
DNMT3A2_327,TCAACGGCACCTCTCCTGGG,DNMT3A,25245218,antisense,"(25245221, 25245225)",8,Intron,2,None,Non-exon,Intron,None,-1,None,-1
DNMT3A2_328,ACCCAGGAGAGGTGCCGTTG,DNMT3A,25245238,sense,"(25245231, 25245235)",8,Intron,1,None,Non-exon,Intron,None,-1,None,-1
DNMT3A2_329,GCCTCAACGGCACCTCTCCT,DNMT3A,25245215,antisense,"(25245218, 25245222)",8,Intron,2,None,Non-exon,Intron,None,-1,None,-1
DNMT3A2_330,GGCCTCAACGGCACCTCTCC,DNMT3A,25245214,antisense,"(25245217, 25245221)",8,Intron,2,None,Non-exon,Intron,None,-1,None,-1
DNMT3A2_331,AGGAGAGGTGCCGTTGAGGC,DNMT3A,25245234,sense,"(25245227, 25245231)",8,Intron,0,None,No_C/Non-exon,Intron,None,-1,None,-1
DNMT3A2_332,TGCCGTTGAGGCCGGCCCTT,DNMT3A,25245226,sense,"(25245219, 25245223)",8,Intron,1,None,Non-exon,Intron,None,-1,None,-1
DNMT3A2_333,GGCCGAAGGGCCGGCCTCAA,DNMT3A,25245202,antisense,"(25245205, 25245209)",8,Intron,1,None,Non-exon,Intron,None,-1,None,-1
DNMT3A2_334,GTTCTAGACAGCAGCGGGAA,DNMT3A,25244650,antisense,"(25244653, 25244657)",9,Intron,1,Splice-acceptor,Splice,Splice,None,-1,None,-1
DNMT3A2_335,AGTTCTAGACAGCAGCGGGA,DNMT3A,25244649,antisense,"(25244652, 25244656)",9,Exon/Intron,1,Splice-acceptor,Splice,Splice,None,-1,None,-1
DNMT3A2_336,AAGCAGTTCTAGACAGCAGC,DNMT3A,25244645,antisense,"(25244648, 25244652)",9,Exon,1,None,Missense,ADD,C520Y,520,C331Y,331
DNMT3A2_337,AAAGCAGTTCTAGACAGCAG,DNMT3A,25244644,antisense,"(25244647, 25244651)",9,Exon,1,None,Missense,ADD,C520Y,520,C331Y,331
DNMT3A2_338,TGCTGTCTAGAACTGCTTTC,DNMT3A,25244662,sense,"(25244655, 25244659)",9,Intron,1,None,Non-exon,Intron,None,-1,None,-1
DNMT3A2_339,GCGTACCAGTACGACGACGA,DNMT3A,25244634,sense,"(25244627, 25244631)",9,Exon,2,None,Nonsense,ADD,Q527*,527,Q338*,338
DNMT3A2_340,GGTAGCCGTCGTCGTCGTAC,DNMT3A,25244607,antisense,"(25244610, 25244614)",9,Exon,2,None,Missense,ADD,G532N,532,G343N,343
DNMT3A2_341,AGCAGATGGTGCAGTAGGAC,DNMT3A,25244586,antisense,"(25244589, 25244593)",9,Exon,0,None,No_C/Exon,ADD,None,539,None,350
DNMT3A2_342,TCCTACTGCACCATCTGCTG,DNMT3A,25244604,sense,"(25244597, 25244601)",9,Exon,1,None,Silent,ADD,None,536,None,347
DNMT3A2_343,CCCACAGCAGATGGTGCAGT,DNMT3A,25244581,antisense,"(25244584, 25244588)",9,Exon,2,None,Missense,ADD,"C540Y, C541Y",540.5,"C351Y, C352Y",351.5
DNMT3A2_344,CCTACTGCACCATCTGCTGT,DNMT3A,25244603,sense,"(25244596, 25244600)",9,Exon,2,None,Silent,ADD,None,537,None,348
DNMT3A2_345,CTACTGCACCATCTGCTGTG,DNMT3A,25244602,sense,"(25244595, 25244599)",9,Exon,2,None,Silent,ADD,None,537,None,348
DNMT3A2_346,TACTGCACCATCTGCTGTGG,DNMT3A,25244601,sense,"(25244594, 25244598)",9,Exon,2,None,Missense,ADD,T538I,538,T349I,349
DNMT3A2_347,CTCACGGCCCCCACAGCAGA,DNMT3A,25244572,antisense,"(25244575, 25244579)",9,Exon,2,None,Missense,ADD,"G543D, R544H",543.5,"G354D, R355H",354.5
DNMT3A2_348,CATCTGCTGTGGGGGCCGTG,DNMT3A,25244593,sense,"(25244586, 25244590)",9,Exon,2,None,Silent,ADD,None,540,None,351
DNMT3A2_349,GGCCGTGAGGTGCTCATGTG,DNMT3A,25244580,sense,"(25244573, 25244577)",9,Exon,1,None,Missense,ADD,R544C,544,R355C,355
DNMT3A2_350,TTCCGCACATGAGCACCTCA,DNMT3A,25244556,antisense,"(25244559, 25244563)",9,Exon,3,None,Missense,ADD,"M548I, C549Y, G550R",549,"M359I, C360Y, G361R",360
DNMT3A2_351,GCGGAAACAACAACTGCTGC,DNMT3A,25244561,sense,"(25244554, 25244558)",9,Exon,1,None,Silent,ADD,None,551,None,362
DNMT3A2_352,AACAACAACTGCTGCAGGTG,DNMT3A,25244556,sense,"(25244549, 25244553)",9,Exon,1,None,Silent,ADD,None,552,None,363
DNMT3A2_353,TGCTGCAGGTGAGGCTGTTG,DNMT3A,25244547,sense,"(25244540, 25244544)",9,Exon,1,None,Silent,ADD,None,555,None,366
DNMT3A2_354,GAGGCTGTTGTGGCCTCCAG,DNMT3A,25244537,sense,"(25244530, 25244534)",9,Intron,1,None,Non-exon,Intron,None,-1,None,-1
DNMT3A2_355,CCAGCTAAGGAGACCACTGG,DNMT3A,25244502,antisense,"(25244505, 25244509)",9,Intron,1,None,Non-exon,Intron,None,-1,None,-1
DNMT3A2_356,CCTCCAGTGGTCTCCTTAGC,DNMT3A,25244524,sense,"(25244517, 25244521)",9,Intron,2,None,Non-exon,Intron,None,-1,None,-1
DNMT3A2_357,CTCCAGTGGTCTCCTTAGCT,DNMT3A,25244523,sense,"(25244516, 25244520)",9,Intron,1,None,Non-exon,Intron,None,-1,None,-1
DNMT3A2_358,GGCCCAGCTAAGGAGACCAC,DNMT3A,25244499,antisense,"(25244502, 25244506)",9,Intron,3,None,Non-exon,Intron,None,-1,None,-1
DNMT3A2_359,GGTCTCCTTAGCTGGGCCCC,DNMT3A,25244516,sense,"(25244509, 25244513)",9,Intron,3,None,Non-exon,Intron,None,-1,None,-1
DNMT3A2_360,GGGAGCCTGGGGCCCAGCTA,DNMT3A,25244489,antisense,"(25244492, 25244496)",9,Intron,2,None,Non-exon,Intron,None,-1,None,-1
DNMT3A2_361,GAAGGAGACCCAGTGAGCAG,DNMT3A,25244342,antisense,"(25244345, 25244349)",10,Intron,0,None,No_C/Non-exon,Intron,None,-1,None,-1
DNMT3A2_362,TGCTCACTGGGTCTCCTTCC,DNMT3A,25244360,sense,"(25244353, 25244357)",10,Intron,2,None,Non-exon,Intron,None,-1,None,-1
DNMT3A2_363,TCCACGCAAAAGCACCTGGA,DNMT3A,25244324,antisense,"(25244327, 25244331)",10,Exon,2,None,Missense,ADD,"C559Y, V560M",559.5,"C370Y, V371M",370.5
DNMT3A2_364,ACACTCCACGCAAAAGCACC,DNMT3A,25244320,antisense,"(25244323, 25244327)",10,Exon,3,None,Missense,ADD,E561K,561,E372K,372
DNMT3A2_365,CGTGGAGTGTGTGGACCTCT,DNMT3A,25244329,sense,"(25244322, 25244326)",10,Exon,0,None,No_C/Exon,ADD,None,561,None,372
DNMT3A2_366,GGAGTGTGTGGACCTCTTGG,DNMT3A,25244326,sense,"(25244319, 25244323)",10,Exon,0,None,No_C/Exon,ADD,None,562,None,373
DNMT3A2_367,GAGTGTGTGGACCTCTTGGT,DNMT3A,25244325,sense,"(25244318, 25244322)",10,Exon,0,None,No_C/Exon,ADD,None,562,None,373
DNMT3A2_368,AGTGTGTGGACCTCTTGGTG,DNMT3A,25244324,sense,"(25244317, 25244321)",10,Exon,0,None,No_C/Exon,ADD,None,563,None,374
DNMT3A2_369,TGTGGACCTCTTGGTGGGGC,DNMT3A,25244320,sense,"(25244313, 25244317)",10,Exon,2,None,Missense,ADD,L565F,565,L376F,376
DNMT3A2_370,GTGGACCTCTTGGTGGGGCC,DNMT3A,25244319,sense,"(25244312, 25244316)",10,Exon,2,None,Missense,ADD,L565F,565,L376F,376
DNMT3A2_371,TGGACCTCTTGGTGGGGCCG,DNMT3A,25244318,sense,"(25244311, 25244315)",10,Exon,3,None,Missense,ADD,L565F,565,L376F,376
DNMT3A2_372,GGACCTCTTGGTGGGGCCGG,DNMT3A,25244317,sense,"(25244310, 25244314)",10,Exon,3,None,Missense,ADD,L565F,565,L376F,376
DNMT3A2_373,CAGCCCCCGGCCCCACCAAG,DNMT3A,25244292,antisense,"(25244295, 25244299)",10,Exon,5,None,Missense,ADD,"G570K, A571T",570.5,"G381K, A382T",381.5
DNMT3A2_374,GGTGGGGCCGGGGGCTGCCC,DNMT3A,25244308,sense,"(25244301, 25244305)",10,Exon,1,None,Missense,ADD,P569S,569,P380S,380
DNMT3A2_375,ATGGCTGCCTGGGCAGCCCC,DNMT3A,25244279,antisense,"(25244282, 25244286)",10,Exon,2,None,Missense,ADD,"A574T, A575T",574.5,"A385T, A386T",385.5
DNMT3A2_376,GGCTGCCCAGGCAGCCATTA,DNMT3A,25244296,sense,"(25244289, 25244293)",10,Exon,3,None,Nonsense,ADD,"A572V, Q573*",573,"A383V, Q384*",384
DNMT3A2_377,GTCTTCCTTAATGGCTGCCT,DNMT3A,25244269,antisense,"(25244272, 25244276)",10,Exon,2,None,Missense,ADD,E578K,578,E389K,389
DNMT3A2_378,GGTCTTCCTTAATGGCTGCC,DNMT3A,25244268,antisense,"(25244271, 25244275)",10,Exon,3,None,Missense,ADD,"E578K, D579N",578.5,"E389K, D390N",389.5
DNMT3A2_379,CAGCCATTAAGGAAGACCCC,DNMT3A,25244285,sense,"(25244278, 25244282)",10,Exon,2,None,Missense,ADD,A575V,575,A386V,386
DNMT3A2_380,GTTCCAGGGGTCTTCCTTAA,DNMT3A,25244260,antisense,"(25244263, 25244267)",10,Exon,2,None,Nonsense,ADD,W581*,581,W392*,392
DNMT3A2_381,CGCACATGTAGCAGTTCCAG,DNMT3A,25244247,antisense,"(25244250, 25244254)",10,Exon,1,None,Missense,ADD,M585I,585,M396I,396
DNMT3A2_382,CCGCACATGTAGCAGTTCCA,DNMT3A,25244246,antisense,"(25244249, 25244253)",10,Exon,2,None,Missense,ADD,"M585I, C586Y",585.5,"M396I, C397Y",396.5
DNMT3A2_383,CCCTGGAACTGCTACATGTG,DNMT3A,25244268,sense,"(25244261, 25244265)",10,Exon,0,None,No_C/Exon,ADD,None,581,None,392
DNMT3A2_384,CCCGCACATGTAGCAGTTCC,DNMT3A,25244245,antisense,"(25244248, 25244252)",10,Exon,2,None,Missense,ADD,"M585I, C586Y",585.5,"M396I, C397Y",396.5
DNMT3A2_385,CCTGGAACTGCTACATGTGC,DNMT3A,25244267,sense,"(25244260, 25244264)",10,Exon,1,None,Silent,ADD,None,582,None,393
DNMT3A2_386,CTGCTACATGTGCGGGCACA,DNMT3A,25244260,sense,"(25244253, 25244257)",10,Exon,2,None,Silent,ADD,None,584,None,395
DNMT3A2_387,TGCTACATGTGCGGGCACAA,DNMT3A,25244259,sense,"(25244252, 25244256)",10,Exon,1,None,Silent,ADD,None,584,None,395
DNMT3A2_388,TGCGGGCACAAGGGTACCTA,DNMT3A,25244250,sense,"(25244243, 25244247)",10,Exon,1,None,Missense,ADD,H588Y,588,H399Y,399
DNMT3A2_389,GCGGGCACAAGGGTACCTAC,DNMT3A,25244249,sense,"(25244242, 25244246)",10,Exon,2,None,Missense,ADD,H588Y,588,H399Y,399
DNMT3A2_390,AGGGTACCTACGGGCTGCTG,DNMT3A,25244240,sense,"(25244233, 25244237)",10,Exon,2,None,Missense,ADD,T591I,591,T402I,402
DNMT3A2_391,GTACCTACGGGCTGCTGCGG,DNMT3A,25244237,sense,"(25244230, 25244234)",10,Exon,3,None,Missense,ADD,T591I,591,T402I,402
DNMT3A2_392,TCGCCGCCGCAGCAGCCCGT,DNMT3A,25244212,antisense,"(25244215, 25244219)",10,Exon,4,None,Missense,ADD,"R596Q, R597Q",596.5,"R407Q, R408Q",407.5
DNMT3A2_393,CGGGCTGCTGCGGCGGCGAG,DNMT3A,25244230,sense,"(25244223, 25244227)",10,Exon,2,None,Silent,ADD,None,594,None,405
DNMT3A2_394,TGCTGCGGCGGCGAGAGGAC,DNMT3A,25244225,sense,"(25244218, 25244222)",10,Exon,1,None,Missense,ADD,R596W,596,R407W,407
DNMT3A2_395,GGCGAGAGGACTGGCCCTCC,DNMT3A,25244216,sense,"(25244209, 25244213)",10,Exon,0,None,No_C/Exon,ADD,None,599,None,410
DNMT3A2_396,AAGAACATCTGGAGCCGGGA,DNMT3A,25244180,antisense,"(25244183, 25244187)",10,Exon,1,None,Missense,ADD,M607I,607,M418I,418
DNMT3A2_397,GAAGAACATCTGGAGCCGGG,DNMT3A,25244179,antisense,"(25244182, 25244186)",10,Exon,1,None,Missense,ADD,M607I,607,M418I,418
DNMT3A2_398,AGCGAAGAACATCTGGAGCC,DNMT3A,25244176,antisense,"(25244179, 25244183)",10,Exon,0,None,No_C/Exon,ADD,None,609,None,420
DNMT3A2_399,TAGCGAAGAACATCTGGAGC,DNMT3A,25244175,antisense,"(25244178, 25244182)",10,Exon,1,None,Missense,ADD,A610T,610,A421T,421
DNMT3A2_400,GGTTATTAGCGAAGAACATC,DNMT3A,25244169,antisense,"(25244172, 25244176)",10,Exon,0,None,No_C/Exon,ADD,None,611,None,422
DNMT3A2_401,CTTCGCTAATAACCACGACC,DNMT3A,25244182,sense,"(25244175, 25244179)",10,Exon,2,None,Missense,ADD,A610V,610,A421V,421
DNMT3A2_402,CACTCACAAATTCCTGGTCG,DNMT3A,25244148,antisense,"(25244151, 25244155)",10,Exon/Intron,2,Splice-donor,Splice,Splice,None,-1,None,-1
DNMT3A2_403,GACCAGGAATTTGTGAGTGC,DNMT3A,25244166,sense,"(25244159, 25244163)",10,Exon,1,None,Nonsense,Inter2,Q615*,615,Q426*,426
DNMT3A2_404,ACCAGGAATTTGTGAGTGCT,DNMT3A,25244165,sense,"(25244158, 25244162)",10,Exon,0,None,No_C/Exon,Inter2,None,616,None,427
DNMT3A2_405,GCCCAGCACTCACAAATTCC,DNMT3A,25244142,antisense,"(25244145, 25244149)",10,Intron,2,None,Non-exon,Intron,None,-1,None,-1
DNMT3A2_406,GAATTTGTGAGTGCTGGGCC,DNMT3A,25244160,sense,"(25244153, 25244157)",10,Exon/Intron,0,None,No_C/Exon,Inter2,None,617,None,428
DNMT3A2_407,AATTTGTGAGTGCTGGGCCT,DNMT3A,25244159,sense,"(25244152, 25244156)",10,Exon/Intron,0,None,No_C/Exon,Inter2,None,617,None,428
DNMT3A2_408,ATTTGTGAGTGCTGGGCCTG,DNMT3A,25244158,sense,"(25244151, 25244155)",10,Exon/Intron,0,None,No_C/Exon,Inter2,None,617,None,428
DNMT3A2_409,TGAGTGCTGGGCCTGGGGCG,DNMT3A,25244153,sense,"(25244146, 25244150)",10,Intron,1,None,Non-exon,Intron,None,-1,None,-1
DNMT3A2_410,GGAGCTCGAGACCGCGCCCC,DNMT3A,25244120,antisense,"(25244123, 25244127)",10,Intron,2,None,Non-exon,Intron,None,-1,None,-1
DNMT3A2_411,GGCGCGGTCTCGAGCTCCCT,DNMT3A,25244137,sense,"(25244130, 25244134)",10,Intron,1,None,Non-exon,Intron,None,-1,None,-1
DNMT3A2_412,GAGCTCCCTTGGCTGAGCCT,DNMT3A,25244126,sense,"(25244119, 25244123)",10,Intron,4,None,Non-exon,Intron,None,-1,None,-1
DNMT3A2_413,ACCTGTTGTGCTCACTGCTT,DNMT3A,25244004,sense,"(25243997, 25244001)",11,Intron,0,None,No_C/Non-exon,Intron,None,-1,None,-1
DNMT3A2_414,TCCTAAGCAGTGAGCACAAC,DNMT3A,25243981,antisense,"(25243984, 25243988)",11,Intron,1,None,Non-exon,Intron,None,-1,None,-1
DNMT3A2_415,CAGGTGGGTAAACCTTTGGA,DNMT3A,25243958,antisense,"(25243961, 25243965)",11,Exon,0,None,No_C/Exon,Inter2,None,624,None,435
DNMT3A2_416,ACAGGTGGGTAAACCTTTGG,DNMT3A,25243957,antisense,"(25243960, 25243964)",11,Exon,0,None,No_C/Exon,Inter2,None,624,None,435
DNMT3A2_417,GGGACAGGTGGGTAAACCTT,DNMT3A,25243954,antisense,"(25243957, 25243961)",11,Exon,1,None,Missense,Inter2,V626I,626,V437I,437
DNMT3A2_418,TCTTCTCAGCTGGGACAGGT,DNMT3A,25243943,antisense,"(25243946, 25243950)",11,Exon,2,None,Missense,Inter2,E629K,629,E440K,440
DNMT3A2_419,CTCTTCTCAGCTGGGACAGG,DNMT3A,25243942,antisense,"(25243945, 25243949)",11,Exon,2,None,Missense,Inter2,E629K,629,E440K,440
DNMT3A2_420,CACCTGTCCCAGCTGAGAAG,DNMT3A,25243963,sense,"(25243956, 25243960)",11,Exon,2,None,Missense,Inter2,P625L,625,P436L,436
DNMT3A2_421,TTCCTCTTCTCAGCTGGGAC,DNMT3A,25243939,antisense,"(25243942, 25243946)",11,Exon,2,None,Missense,Inter2,R631K,631,R442K,442
DNMT3A2_422,TGGGCTTCCTCTTCTCAGCT,DNMT3A,25243934,antisense,"(25243937, 25243941)",11,Exon,2,None,Silent,Inter2,None,632,None,443
DNMT3A2_423,ATGGGCTTCCTCTTCTCAGC,DNMT3A,25243933,antisense,"(25243936, 25243940)",11,Exon,1,None,Silent,Inter2,None,632,None,443
DNMT3A2_424,CTGAGAAGAGGAAGCCCATC,DNMT3A,25243951,sense,"(25243944, 25243948)",11,Exon,0,None,No_C/Exon,Inter2,None,630,None,441
DNMT3A2_425,TGAGAAGAGGAAGCCCATCC,DNMT3A,25243950,sense,"(25243943, 25243947)",11,Exon,0,None,No_C/Exon,Inter2,None,630,None,441
DNMT3A2_426,AAGAGAGACAGCACCCGGAT,DNMT3A,25243915,antisense,"(25243918, 25243922)",11,Exon,0,None,No_C/Exon,MTase,None,638,None,449
DNMT3A2_427,AAAGAGAGACAGCACCCGGA,DNMT3A,25243914,antisense,"(25243917, 25243921)",11,Exon,0,None,No_C/Exon,MTase,None,639,None,450
DNMT3A2_428,CATCAAAGAGAGACAGCACC,DNMT3A,25243910,antisense,"(25243913, 25243917)",11,Exon,1,None,Missense,MTase,D641N,641,D452N,452
DNMT3A2_429,CGGGTGCTGTCTCTCTTTGA,DNMT3A,25243931,sense,"(25243924, 25243928)",11,Exon,1,None,Silent,MTase,None,636,None,447
DNMT3A2_430,CTCTTTGATGGAATCGCTAC,DNMT3A,25243919,sense,"(25243912, 25243916)",11,Exon,0,None,No_C/Exon,MTase,None,640,None,451
DNMT3A2_431,TGATGGAATCGCTACAGGTG,DNMT3A,25243914,sense,"(25243907, 25243911)",11,Exon,0,None,No_C/Exon,MTase,None,642,None,453
DNMT3A2_432,GATGGAATCGCTACAGGTGA,DNMT3A,25243913,sense,"(25243906, 25243910)",11,Exon,0,None,No_C/Exon,MTase,None,642,None,453
DNMT3A2_433,ATGGAATCGCTACAGGTGAG,DNMT3A,25243912,sense,"(25243905, 25243909)",11,Exon,1,None,Silent,MTase,None,643,None,454
DNMT3A2_434,TCGCTACAGGTGAGGGGTGC,DNMT3A,25243906,sense,"(25243899, 25243903)",11,Exon,2,None,Missense,MTase,"A644V, T645I",644.5,"A455V, T456I",455.5
DNMT3A2_435,GTGAGGGGTGCAGGCCCAAG,DNMT3A,25243897,sense,"(25243890, 25243894)",11,Intron,0,None,No_C/Non-exon,Intron,None,-1,None,-1
DNMT3A2_436,GGTGCAGGCCCAAGAGGTGC,DNMT3A,25243891,sense,"(25243884, 25243888)",11,Intron,1,None,Non-exon,Intron,None,-1,None,-1
DNMT3A2_437,CAAGGCGGCCAGCACCTCTT,DNMT3A,25243861,antisense,"(25243864, 25243868)",11,Intron,1,None,Non-exon,Intron,None,-1,None,-1
DNMT3A2_438,ACAAGGCGGCCAGCACCTCT,DNMT3A,25243860,antisense,"(25243863, 25243867)",11,Intron,1,None,Non-exon,Intron,None,-1,None,-1
DNMT3A2_439,GGTGCTGGCCGCCTTGTCCC,DNMT3A,25243876,sense,"(25243869, 25243873)",11,Intron,1,None,Non-exon,Intron,None,-1,None,-1
DNMT3A2_440,CTGGCCGCCTTGTCCCAGGA,DNMT3A,25243872,sense,"(25243865, 25243869)",11,Intron,3,None,Non-exon,Intron,None,-1,None,-1
DNMT3A2_441,TGGCCGCCTTGTCCCAGGAT,DNMT3A,25243871,sense,"(25243864, 25243868)",11,Intron,4,None,Non-exon,Intron,None,-1,None,-1
DNMT3A2_442,GGCCGCCTTGTCCCAGGATG,DNMT3A,25243870,sense,"(25243863, 25243867)",11,Intron,3,None,Non-exon,Intron,None,-1,None,-1
DNMT3A2_443,GCCGCCTTGTCCCAGGATGG,DNMT3A,25243869,sense,"(25243862, 25243866)",11,Intron,2,None,Non-exon,Intron,None,-1,None,-1
DNMT3A2_444,TAACGGTGCTGTCTGCTGGC,DNMT3A,25241735,sense,"(25241728, 25241732)",12,Intron,1,None,Non-exon,Intron,None,-1,None,-1
DNMT3A2_445,TGCTGTCTGCTGGCTGGTGC,DNMT3A,25241729,sense,"(25241722, 25241726)",12,Intron,1,None,Non-exon,Intron,None,-1,None,-1
DNMT3A2_446,GCTGTCTGCTGGCTGGTGCA,DNMT3A,25241728,sense,"(25241721, 25241725)",12,Intron,1,None,Non-exon,Intron,None,-1,None,-1
DNMT3A2_447,GCTGGCTGGTGCAGGGCTCC,DNMT3A,25241721,sense,"(25241714, 25241718)",12,Intron,1,None,Non-exon,Intron,None,-1,None,-1
DNMT3A2_448,TGCAGGGCTCCTGGTGCTGA,DNMT3A,25241712,sense,"(25241705, 25241709)",12,Exon/Intron,1,None,Missense,MTase,L647F,647,L458F,458
DNMT3A2_449,GCTCCTGGTGCTGAAGGACT,DNMT3A,25241706,sense,"(25241699, 25241703)",12,Exon,2,None,Silent,MTase,None,648,None,459
DNMT3A2_450,CTCCTGGTGCTGAAGGACTT,DNMT3A,25241705,sense,"(25241698, 25241702)",12,Exon,1,None,Silent,MTase,None,648,None,459
DNMT3A2_451,TGCCCAAGTCCTTCAGCACC,DNMT3A,25241681,antisense,"(25241684, 25241688)",12,Exon,2,None,Missense,MTase,G654S,654,G465S,465
DNMT3A2_452,GCTGAAGGACTTGGGCATTC,DNMT3A,25241697,sense,"(25241690, 25241694)",12,Exon,0,None,No_C/Exon,MTase,None,651,None,462
DNMT3A2_453,GAAGGACTTGGGCATTCAGG,DNMT3A,25241694,sense,"(25241687, 25241691)",12,Exon,1,None,Silent,MTase,None,652,None,463
DNMT3A2_454,GGTGGACCGCTACATTGCCT,DNMT3A,25241676,sense,"(25241669, 25241673)",12,Exon,2,None,Missense,MTase,R659C,659,R470C,470
DNMT3A2_455,GGACCGCTACATTGCCTCGG,DNMT3A,25241673,sense,"(25241666, 25241670)",12,Exon,3,None,Missense,MTase,R659C,659,R470C,470
DNMT3A2_456,ACACCTCCGAGGCAATGTAG,DNMT3A,25241648,antisense,"(25241651, 25241655)",12,Exon,4,None,Missense,MTase,"E664K, V665M",664.5,"E475K, V476M",475.5
DNMT3A2_457,CATTGCCTCGGAGGTGTGTG,DNMT3A,25241664,sense,"(25241657, 25241661)",12,Exon,2,None,Missense,MTase,A662V,662,A473V,473
DNMT3A2_458,GGAGTCCTCACACACCTCCG,DNMT3A,25241637,antisense,"(25241640, 25241644)",12,Exon,2,None,Missense,MTase,D668N,668,D479N,479
DNMT3A2_459,GGTGTGTGAGGACTCCATCA,DNMT3A,25241652,sense,"(25241645, 25241649)",12,Exon,0,None,No_C/Exon,MTase,None,666,None,477
DNMT3A2_460,GTGTGAGGACTCCATCACGG,DNMT3A,25241649,sense,"(25241642, 25241646)",12,Exon,0,None,No_C/Exon,MTase,None,667,None,478
DNMT3A2_461,TGTGAGGACTCCATCACGGT,DNMT3A,25241648,sense,"(25241641, 25241645)",12,Exon,0,None,No_C/Exon,MTase,None,667,None,478
DNMT3A2_462,GGACTCCATCACGGTGGGCA,DNMT3A,25241643,sense,"(25241636, 25241640)",12,Exon,3,None,Missense,MTase,S669F,669,S480F,480
DNMT3A2_463,CCGCACCATGCCCACCGTGA,DNMT3A,25241616,antisense,"(25241619, 25241623)",12,Exon,3,None,Missense,MTase,"M674I, V675I",674.5,"M485I, V486I",485.5
DNMT3A2_464,CCATCACGGTGGGCATGGTG,DNMT3A,25241638,sense,"(25241631, 25241635)",12,Exon,2,None,Missense,MTase,T671M,671,T482M,482
DNMT3A2_465,GGTGGGCATGGTGCGGCACC,DNMT3A,25241631,sense,"(25241624, 25241628)",12,Exon,1,None,Silent,MTase,None,673,None,484
DNMT3A2_466,GTGGGCATGGTGCGGCACCA,DNMT3A,25241630,sense,"(25241623, 25241627)",12,Exon,1,None,Silent,MTase,None,673,None,484
DNMT3A2_467,TGGGCATGGTGCGGCACCAG,DNMT3A,25241629,sense,"(25241622, 25241626)",12,Exon,1,None,Silent,MTase,None,674,None,485
DNMT3A2_468,CGACGTACATGATCTTCCCC,DNMT3A,25241591,antisense,"(25241594, 25241598)",12,Exon,2,None,Missense,MTase,"M682I, V684I",683,"M493I, V495I",494
DNMT3A2_469,CAGGGGAAGATCATGTACGT,DNMT3A,25241612,sense,"(25241605, 25241609)",12,Exon,0,None,No_C/Exon,MTase,None,679,None,490
DNMT3A2_470,AGGGGAAGATCATGTACGTC,DNMT3A,25241611,sense,"(25241604, 25241608)",12,Exon,0,None,No_C/Exon,MTase,None,680,None,491
DNMT3A2_471,GGGGAAGATCATGTACGTCG,DNMT3A,25241610,sense,"(25241603, 25241607)",12,Exon,0,None,No_C/Exon,MTase,None,680,None,491
DNMT3A2_472,CATGCTTCTGTGTGACGCTG,DNMT3A,25241561,antisense,"(25241564, 25241568)",12,Exon,2,None,Silent,MTase,None,693,None,504
DNMT3A2_473,AAGCATGTATGTCCATGCTG,DNMT3A,25241567,sense,"(25241560, 25241564)",12,Exon/Intron,1,None,Missense,MTase,H694Y,694,H505Y,505
DNMT3A2_474,AGCATGTATGTCCATGCTGT,DNMT3A,25241566,sense,"(25241559, 25241563)",12,Exon/Intron,0,None,No_C/Exon,MTase,None,694,None,505
DNMT3A2_475,GCATGTATGTCCATGCTGTG,DNMT3A,25241565,sense,"(25241558, 25241562)",12,Exon/Intron,0,None,No_C/Exon,MTase,None,694,None,505
DNMT3A2_476,ACGGGCTGCGCCCCACAGCA,DNMT3A,25241533,antisense,"(25241536, 25241540)",12,Intron,1,None,Non-exon,Intron,None,-1,None,-1
DNMT3A2_477,GTGTGCAGGGAGGGGAAGAC,DNMT3A,25241515,antisense,"(25241518, 25241522)",12,Intron,1,None,Non-exon,Intron,None,-1,None,-1
DNMT3A2_478,AGTGTGCAGGGAGGGGAAGA,DNMT3A,25241514,antisense,"(25241517, 25241521)",12,Intron,1,None,Non-exon,Intron,None,-1,None,-1
DNMT3A2_479,GAGGATAAAGGCAACGTGAT,DNMT3A,25240735,antisense,"(25240738, 25240742)",13,Intron,0,None,No_C/Non-exon,Intron,None,-1,None,-1
DNMT3A2_480,GGAGGATAAAGGCAACGTGA,DNMT3A,25240734,antisense,"(25240737, 25240741)",13,Intron,0,None,No_C/Non-exon,Intron,None,-1,None,-1
DNMT3A2_481,GCCTTTATCCTCCCAGATCC,DNMT3A,25240746,sense,"(25240739, 25240743)",13,Intron,0,None,No_C/Non-exon,Intron,None,-1,None,-1
DNMT3A2_482,TCCTGGATCTGGGAGGATAA,DNMT3A,25240723,antisense,"(25240726, 25240730)",13,Exon,0,None,No_C/Exon,MTase,None,695,None,506
DNMT3A2_483,TATCCTCCCAGATCCAGGAG,DNMT3A,25240741,sense,"(25240734, 25240738)",13,Intron,4,None,Non-exon,Intron,None,-1,None,-1
DNMT3A2_484,ATCCTCCCAGATCCAGGAGT,DNMT3A,25240740,sense,"(25240733, 25240737)",13,Intron,4,None,Non-exon,Intron,None,-1,None,-1
DNMT3A2_485,TCCTCCCAGATCCAGGAGTG,DNMT3A,25240739,sense,"(25240732, 25240736)",13,Intron,3,None,Non-exon,Intron,None,-1,None,-1
DNMT3A2_486,GCCCCACTCCTGGATCTGGG,DNMT3A,25240716,antisense,"(25240719, 25240723)",13,Exon,3,None,Nonsense,MTase,W698*,698,W509*,509
DNMT3A2_487,TGGGCCCCACTCCTGGATCT,DNMT3A,25240713,antisense,"(25240716, 25240720)",13,Exon,4,None,Nonsense,MTase,"W698*, G699N",698,"W509*, G510N",509
DNMT3A2_488,ATGGGCCCCACTCCTGGATC,DNMT3A,25240712,antisense,"(25240715, 25240719)",13,Exon,3,None,Nonsense,MTase,"W698*, G699N",698,"W509*, G510N",509
DNMT3A2_489,GATCGAATGGGCCCCACTCC,DNMT3A,25240706,antisense,"(25240709, 25240713)",13,Exon,1,None,Missense,MTase,D702N,702,D513N,513
DNMT3A2_490,GGAGTGGGGCCCATTCGATC,DNMT3A,25240725,sense,"(25240718, 25240722)",13,Exon,0,None,No_C/Exon,MTase,None,698,None,509
DNMT3A2_491,GGCCCATTCGATCTGGTGAT,DNMT3A,25240718,sense,"(25240711, 25240715)",13,Exon,2,None,Missense,MTase,P700L,700,P511L,511
DNMT3A2_492,GCCCATTCGATCTGGTGATT,DNMT3A,25240717,sense,"(25240710, 25240714)",13,Exon,2,None,Missense,MTase,P700L,700,P511L,511
DNMT3A2_493,CCCCAATCACCAGATCGAAT,DNMT3A,25240694,antisense,"(25240697, 25240701)",13,Exon,2,None,Missense,MTase,G706R,706,G517R,517
DNMT3A2_494,CCCATTCGATCTGGTGATTG,DNMT3A,25240716,sense,"(25240709, 25240713)",13,Exon,1,None,Silent,MTase,None,701,None,512
DNMT3A2_495,CCCCCAATCACCAGATCGAA,DNMT3A,25240693,antisense,"(25240696, 25240700)",13,Exon,2,None,Missense,MTase,G706K,706,G517K,517
DNMT3A2_496,CCATTCGATCTGGTGATTGG,DNMT3A,25240715,sense,"(25240708, 25240712)",13,Exon,1,None,Silent,MTase,None,701,None,512
DNMT3A2_497,ACGATGGAGAGGTCATTGCA,DNMT3A,25240666,antisense,"(25240669, 25240673)",13,Exon,0,None,No_C/Exon,MTase,None,714,None,525
DNMT3A2_498,GACGATGGAGAGGTCATTGC,DNMT3A,25240665,antisense,"(25240668, 25240672)",13,Exon,0,None,No_C/Exon,MTase,None,715,None,526
DNMT3A2_499,GAGCAGGGTTGACGATGGAG,DNMT3A,25240655,antisense,"(25240658, 25240662)",13,Exon,1,None,Missense,MTase,A719T,719,A530T,530
DNMT3A2_500,CTTGCGAGCAGGGTTGACGA,DNMT3A,25240650,antisense,"(25240653, 25240657)",13,Exon,1,None,Missense,MTase,R720H,720,R531H,531
DNMT3A2_501,CATCGTCAACCCTGCTCGCA,DNMT3A,25240671,sense,"(25240664, 25240668)",13,Exon,2,None,Silent,MTase,None,716,None,527
DNMT3A2_502,ATCGTCAACCCTGCTCGCAA,DNMT3A,25240670,sense,"(25240663, 25240667)",13,Exon,1,None,Silent,MTase,None,716,None,527
DNMT3A2_503,CGTAGAGGCCCTTGCGAGCA,DNMT3A,25240640,antisense,"(25240643, 25240647)",13,Exon,0,None,No_C/Exon,MTase,None,723,None,534
DNMT3A2_504,CCGTAGAGGCCCTTGCGAGC,DNMT3A,25240639,antisense,"(25240642, 25240646)",13,Exon,0,None,No_C/Exon,MTase,None,723,None,534
DNMT3A2_505,CCTGCTCGCAAGGGCCTCTA,DNMT3A,25240661,sense,"(25240654, 25240658)",13,Exon,2,None,Missense,MTase,"A719V, R720C",719.5,"A530V, R531C",530.5
DNMT3A2_506,CTCGCAAGGGCCTCTACGGT,DNMT3A,25240657,sense,"(25240650, 25240654)",13,Exon,1,None,Silent,MTase,None,721,None,532
DNMT3A2_507,CAGGATGGTACCTACCGTAG,DNMT3A,25240625,antisense,"(25240628, 25240632)",13,Intron,0,None,No_C/Non-exon,Intron,None,-1,None,-1
DNMT3A2_508,GCTGAGAAGGTGGAGGGGAC,DNMT3A,25240606,antisense,"(25240609, 25240613)",13,Intron,0,None,No_C/Non-exon,Intron,None,-1,None,-1
DNMT3A2_509,GTCCCCTCCACCTTCTCAGC,DNMT3A,25240625,sense,"(25240618, 25240622)",13,Intron,4,None,Non-exon,Intron,None,-1,None,-1
DNMT3A2_510,CACCAGCTGAGAAGGTGGAG,DNMT3A,25240601,antisense,"(25240604, 25240608)",13,Intron,2,None,Non-exon,Intron,None,-1,None,-1
DNMT3A2_511,GCACCAGCTGAGAAGGTGGA,DNMT3A,25240600,antisense,"(25240603, 25240607)",13,Intron,3,None,Non-exon,Intron,None,-1,None,-1
DNMT3A2_512,AGCACCAGCTGAGAAGGTGG,DNMT3A,25240599,antisense,"(25240602, 25240606)",13,Intron,2,None,Non-exon,Intron,None,-1,None,-1
DNMT3A2_513,GGAAGCACCAGCTGAGAAGG,DNMT3A,25240596,antisense,"(25240599, 25240603)",13,Intron,2,None,Non-exon,Intron,None,-1,None,-1
DNMT3A2_514,TGCGGAAGCACCAGCTGAGA,DNMT3A,25240593,antisense,"(25240596, 25240600)",13,Intron,0,None,No_C/Non-exon,Intron,None,-1,None,-1
DNMT3A2_515,TTTCTCTTCCGACCTCTCAG,DNMT3A,25240470,sense,"(25240463, 25240467)",14,Intron,2,None,Non-exon,Intron,None,-1,None,-1
DNMT3A2_516,TTCTCTTCCGACCTCTCAGA,DNMT3A,25240469,sense,"(25240462, 25240466)",14,Intron,2,None,Non-exon,Intron,None,-1,None,-1
DNMT3A2_517,TCCGACCTCTCAGAGGGCAC,DNMT3A,25240463,sense,"(25240456, 25240460)",14,Intron,2,None,Non-exon,Intron,None,-1,None,-1
DNMT3A2_518,GCCAGTGCCCTCTGAGAGGT,DNMT3A,25240440,antisense,"(25240443, 25240447)",14,Exon,1,None,Missense,MTase,G726D,726,G537D,537
DNMT3A2_519,ACCTCTCAGAGGGCACTGGC,DNMT3A,25240459,sense,"(25240452, 25240456)",14,Intron,2,None,Non-exon,Intron,None,-1,None,-1
DNMT3A2_520,GCCGGCCAGTGCCCTCTGAG,DNMT3A,25240436,antisense,"(25240439, 25240443)",14,Exon,2,None,Missense,MTase,G728N,728,G539N,539
DNMT3A2_521,GGTAGAACTCAAAGAAGAGC,DNMT3A,25240418,antisense,"(25240421, 25240425)",14,Exon,1,None,Silent,MTase,None,734,None,545
DNMT3A2_522,ACCGCCTCCTGCATGATGCG,DNMT3A,25240420,sense,"(25240413, 25240417)",14,Exon,3,None,Missense,MTase,L737F,737,L548F,548
DNMT3A2_523,GCCGCGCATCATGCAGGAGG,DNMT3A,25240397,antisense,"(25240400, 25240404)",14,Exon,2,None,Missense,MTase,A741T,741,A552T,552
DNMT3A2_524,TGGGCCGCGCATCATGCAGG,DNMT3A,25240394,antisense,"(25240397, 25240401)",14,Exon,3,None,Missense,MTase,R742Q,742,R553Q,553
DNMT3A2_525,CCTTGGGCCGCGCATCATGC,DNMT3A,25240391,antisense,"(25240394, 25240398)",14,Exon,1,None,Silent,MTase,None,743,None,554
DNMT3A2_526,CCTGCATGATGCGCGGCCCA,DNMT3A,25240413,sense,"(25240406, 25240410)",14,Exon,1,None,Missense,MTase,H739Y,739,H550Y,550
DNMT3A2_527,GCATGATGCGCGGCCCAAGG,DNMT3A,25240410,sense,"(25240403, 25240407)",14,Exon,0,None,No_C/Exon,MTase,None,740,None,551
DNMT3A2_528,CATGATGCGCGGCCCAAGGA,DNMT3A,25240409,sense,"(25240402, 25240406)",14,Exon,1,None,Missense,MTase,A741V,741,A552V,552
DNMT3A2_529,GGGCGATCATCTCCCTCCTT,DNMT3A,25240375,antisense,"(25240378, 25240382)",14,Exon,2,None,Missense,MTase,"D748N, R749H",748.5,"D559N, R560H",559.5
DNMT3A2_530,GGGGCGATCATCTCCCTCCT,DNMT3A,25240374,antisense,"(25240377, 25240381)",14,Exon,1,None,Missense,MTase,R749H,749,R560H,560
DNMT3A2_531,GAGATGATCGCCCCTTCTTC,DNMT3A,25240387,sense,"(25240380, 25240384)",14,Exon,0,None,No_C/Exon,MTase,None,748,None,559
DNMT3A2_532,TCTCAAAGAGCCAGAAGAAG,DNMT3A,25240355,antisense,"(25240358, 25240362)",14,Exon,1,None,Missense,MTase,E756K,756,E567K,567
DNMT3A2_533,TTCTCAAAGAGCCAGAAGAA,DNMT3A,25240354,antisense,"(25240357, 25240361)",14,Exon,1,None,Missense,MTase,E756K,756,E567K,567
DNMT3A2_534,ATTCTCAAAGAGCCAGAAGA,DNMT3A,25240353,antisense,"(25240356, 25240360)",14,Exon,2,None,Missense,MTase,E756K,756,E567K,567
DNMT3A2_535,CTTCTGGCTCTTTGAGAATG,DNMT3A,25240371,sense,"(25240364, 25240368)",14,Exon,2,None,Missense,MTase,L754F,754,L565F,565
DNMT3A2_536,CTGGCTCTTTGAGAATGTGG,DNMT3A,25240368,sense,"(25240361, 25240365)",14,Exon,2,None,Missense,MTase,L754F,754,L565F,565
DNMT3A2_537,CTTTGAGAATGTGGTGGCCA,DNMT3A,25240362,sense,"(25240355, 25240359)",14,Exon,0,None,No_C/Exon,MTase,None,756,None,567
DNMT3A2_538,TTTGAGAATGTGGTGGCCAT,DNMT3A,25240361,sense,"(25240354, 25240358)",14,Exon,0,None,No_C/Exon,MTase,None,756,None,567
DNMT3A2_539,CCTCTTGTCACTAACGCCCA,DNMT3A,25240323,antisense,"(25240326, 25240330)",14,Exon,1,None,Silent,MTase,None,766,None,577
DNMT3A2_540,CCATGGGCGTTAGTGACAAG,DNMT3A,25240345,sense,"(25240338, 25240342)",14,Exon,1,None,Silent,MTase,None,762,None,573
DNMT3A2_541,CATGGGCGTTAGTGACAAGA,DNMT3A,25240344,sense,"(25240337, 25240341)",14,Exon,1,None,Silent,MTase,None,762,None,573
DNMT3A2_542,GGACATCTCGCGATTTCTCG,DNMT3A,25240323,sense,"(25240316, 25240320)",14,Exon,2,None,Silent,MTase,None,769,None,580
DNMT3A2_543,CGAGGTATAGCCAGCAACCT,DNMT3A,25240305,sense,"(25240298, 25240302)",14,Exon/Intron,0,None,No_C/Exon,MTase,None,774,None,585
DNMT3A2_544,TATAGCCAGCAACCTTGGTT,DNMT3A,25240300,sense,"(25240293, 25240297)",14,Intron,2,None,Non-exon,Intron,None,-1,None,-1
DNMT3A2_545,GCTGGCCAAACCAAGGTTGC,DNMT3A,25240273,antisense,"(25240276, 25240280)",14,Intron,2,None,Non-exon,Intron,None,-1,None,-1
DNMT3A2_546,TTAGTGAGCTGGCCAAACCA,DNMT3A,25240266,antisense,"(25240269, 25240273)",14,Intron,0,None,No_C/Non-exon,Intron,None,-1,None,-1
DNMT3A2_547,TGGTTTGGCCAGCTCACTAA,DNMT3A,25240285,sense,"(25240278, 25240282)",14,Intron,0,None,No_C/Non-exon,Intron,None,-1,None,-1
DNMT3A2_548,GGTAGAAGCCATTAGTGAGC,DNMT3A,25240255,antisense,"(25240258, 25240262)",14,Intron,0,None,No_C/Non-exon,Intron,None,-1,None,-1
DNMT3A2_549,CTCACTAATGGCTTCTACCT,DNMT3A,25240273,sense,"(25240266, 25240270)",14,Intron,1,None,Non-exon,Intron,None,-1,None,-1
DNMT3A2_550,TTGGACTACAAAACAGGAGA,DNMT3A,25239211,antisense,"(25239214, 25239218)",15,Exon/Intron,1,Splice-acceptor,Splice,Splice,None,-1,None,-1
DNMT3A2_551,ACAGGGTTGGACTACAAAAC,DNMT3A,25239205,antisense,"(25239208, 25239212)",15,Exon,0,None,No_C/Exon,MTase,None,776,None,587
DNMT3A2_552,GGCATCAATCATCACAGGGT,DNMT3A,25239192,antisense,"(25239195, 25239199)",15,Exon,1,None,Missense,MTase,D781N,781,D592N,592
DNMT3A2_553,CTTTGGCATCAATCATCACA,DNMT3A,25239188,antisense,"(25239191, 25239195)",15,Exon,1,None,Missense,MTase,A782T,782,A593T,593
DNMT3A2_554,TCTTTGGCATCAATCATCAC,DNMT3A,25239187,antisense,"(25239190, 25239194)",15,Exon,1,None,Missense,MTase,A782T,782,A593T,593
DNMT3A2_555,GTGTGCAGCTGACACTTCTT,DNMT3A,25239171,antisense,"(25239174, 25239178)",15,Exon,1,None,Missense,MTase,A788T,788,A599T,599
DNMT3A2_556,AAGAAGTGTCAGCTGCACAC,DNMT3A,25239190,sense,"(25239183, 25239187)",15,Exon,0,None,No_C/Exon,MTase,None,785,None,596
DNMT3A2_557,AGAAGTGTCAGCTGCACACA,DNMT3A,25239189,sense,"(25239182, 25239186)",15,Exon,0,None,No_C/Exon,MTase,None,785,None,596
DNMT3A2_558,CACACAGGGCCCGCTACTTC,DNMT3A,25239175,sense,"(25239168, 25239172)",15,Exon,1,None,Silent,MTase,None,790,None,601
DNMT3A2_559,ACACAGGGCCCGCTACTTCT,DNMT3A,25239174,sense,"(25239167, 25239171)",15,Exon,1,None,Silent,MTase,None,790,None,601
DNMT3A2_560,CACAGGGCCCGCTACTTCTG,DNMT3A,25239173,sense,"(25239166, 25239170)",15,Exon,1,None,Missense,MTase,A791V,791,A602V,602
DNMT3A2_561,AAGGTTACCCCAGAAGTAGC,DNMT3A,25239144,antisense,"(25239147, 25239151)",15,Exon,1,None,Missense,MTase,G796D,796,G607D,607
DNMT3A2_562,GAAGGTTACCCCAGAAGTAG,DNMT3A,25239143,antisense,"(25239146, 25239150)",15,Exon,0,None,No_C/Exon,MTase,None,797,None,608
DNMT3A2_563,TACTTCTGGGGTAACCTTCC,DNMT3A,25239161,sense,"(25239154, 25239158)",15,Exon,1,None,Silent,MTase,None,794,None,605
DNMT3A2_564,GTAACCTTCCCGGTATGAAC,DNMT3A,25239151,sense,"(25239144, 25239148)",15,Exon,2,None,Missense,MTase,L798F,798,L609F,609
DNMT3A2_565,CCAACCTGTTCATACCGGGA,DNMT3A,25239125,antisense,"(25239128, 25239132)",15,Exon/Intron,2,Splice-donor,Splice,Splice,R803K,-1,R614K,-1
DNMT3A2_566,CCTTCCCGGTATGAACAGGT,DNMT3A,25239147,sense,"(25239140, 25239144)",15,Exon,3,None,Missense,MTase,P799F,799,P610F,610
DNMT3A2_567,TTCACCAACCTGTTCATACC,DNMT3A,25239121,antisense,"(25239124, 25239128)",15,Intron,2,None,Non-exon,Intron,None,-1,None,-1
DNMT3A2_568,TTTCACCAACCTGTTCATAC,DNMT3A,25239120,antisense,"(25239123, 25239127)",15,Intron,3,None,Non-exon,Intron,None,-1,None,-1
DNMT3A2_569,AACAGGTTGGTGAAAGCTCC,DNMT3A,25239134,sense,"(25239127, 25239131)",15,Exon/Intron,0,None,No_C/Exon,MTase,None,803,None,614
DNMT3A2_570,ACAGGTTGGTGAAAGCTCCT,DNMT3A,25239133,sense,"(25239126, 25239130)",15,Exon/Intron,0,None,No_C/Exon,MTase,None,803,None,614
DNMT3A2_571,TTGGTGAAAGCTCCTGGGCC,DNMT3A,25239128,sense,"(25239121, 25239125)",15,Intron,0,None,No_C/Non-exon,Intron,None,-1,None,-1
DNMT3A2_572,TGGTGAAAGCTCCTGGGCCT,DNMT3A,25239127,sense,"(25239120, 25239124)",15,Intron,0,None,No_C/Non-exon,Intron,None,-1,None,-1
DNMT3A2_573,GGTGAAAGCTCCTGGGCCTG,DNMT3A,25239126,sense,"(25239119, 25239123)",15,Intron,0,None,No_C/Non-exon,Intron,None,-1,None,-1
DNMT3A2_574,GTGAAAGCTCCTGGGCCTGG,DNMT3A,25239125,sense,"(25239118, 25239122)",15,Intron,1,None,Non-exon,Intron,None,-1,None,-1
DNMT3A2_575,TGAAAGCTCCTGGGCCTGGG,DNMT3A,25239124,sense,"(25239117, 25239121)",15,Intron,1,None,Non-exon,Intron,None,-1,None,-1
DNMT3A2_576,TCCTGGGCCTGGGGGGCTGT,DNMT3A,25239117,sense,"(25239110, 25239114)",15,Intron,1,None,Non-exon,Intron,None,-1,None,-1
DNMT3A2_577,GCCCACAGCCCCCCAGGCCC,DNMT3A,25239094,antisense,"(25239097, 25239101)",15,Intron,2,None,Non-exon,Intron,None,-1,None,-1
DNMT3A2_578,GGGCCTGGGGGGCTGTGGGC,DNMT3A,25239113,sense,"(25239106, 25239110)",15,Intron,2,None,Non-exon,Intron,None,-1,None,-1
DNMT3A2_579,GGCCTGGGGGGCTGTGGGCT,DNMT3A,25239112,sense,"(25239105, 25239109)",15,Intron,1,None,Non-exon,Intron,None,-1,None,-1
DNMT3A2_580,GTCCCAGCCCACAGCCCCCC,DNMT3A,25239088,antisense,"(25239091, 25239095)",15,Intron,3,None,Non-exon,Intron,None,-1,None,-1
DNMT3A2_581,GGGCTGTGGGCTGGGACTGC,DNMT3A,25239104,sense,"(25239097, 25239101)",15,Intron,1,None,Non-exon,Intron,None,-1,None,-1
DNMT3A2_582,CTGTGGGCTGGGACTGCAGG,DNMT3A,25239101,sense,"(25239094, 25239098)",15,Intron,1,None,Non-exon,Intron,None,-1,None,-1
DNMT3A2_583,CAGTCTCTCTTCTGCCTCCT,DNMT3A,25237027,sense,"(25237020, 25237024)",16,Intron,2,None,Non-exon,Intron,None,-1,None,-1
DNMT3A2_584,TCTTCTGCCTCCTAGGCCGT,DNMT3A,25237020,sense,"(25237013, 25237017)",16,Intron,2,None,Non-exon,Intron,None,-1,None,-1
DNMT3A2_585,GTGGATGCCAACGGCCTAGG,DNMT3A,25236991,antisense,"(25236994, 25236998)",16,Exon,1,None,Missense,MTase,A806T,806,A617T,617
DNMT3A2_586,ACAGTGGATGCCAACGGCCT,DNMT3A,25236988,antisense,"(25236991, 25236995)",16,Exon,0,None,No_C/Exon,MTase,None,807,None,618
DNMT3A2_587,TCATTCACAGTGGATGCCAA,DNMT3A,25236982,antisense,"(25236985, 25236989)",16,Exon,2,None,Missense,MTase,V809I,809,V620I,620
DNMT3A2_588,ATCCACTGTGAATGATAAGC,DNMT3A,25236996,sense,"(25236989, 25236993)",16,Exon,2,None,Missense,MTase,T808I,808,T619I,619
DNMT3A2_589,CTCCAGCTTATCATTCACAG,DNMT3A,25236972,antisense,"(25236975, 25236979)",16,Exon,2,None,Silent,MTase,None,813,None,624
DNMT3A2_590,GAATGATAAGCTGGAGCTGC,DNMT3A,25236987,sense,"(25236980, 25236984)",16,Exon,0,None,No_C/Exon,MTase,None,811,None,622
DNMT3A2_591,GCTGGAGCTGCAGGAGTGTC,DNMT3A,25236978,sense,"(25236971, 25236975)",16,Exon,1,None,Silent,MTase,None,814,None,625
DNMT3A2_592,CTGCAGGAGTGTCTGGAGCA,DNMT3A,25236971,sense,"(25236964, 25236968)",16,Exon,1,None,Nonsense,MTase,Q816*,816,Q627*,627
DNMT3A2_593,AGGAGTGTCTGGAGCATGGC,DNMT3A,25236967,sense,"(25236960, 25236964)",16,Exon,0,None,No_C/Exon,MTase,None,818,None,629
DNMT3A2_594,GGAGCATGGCAGGATAGCCA,DNMT3A,25236957,sense,"(25236950, 25236954)",16,Exon,1,None,Missense,MTase,H821Y,821,H632Y,632
DNMT3A2_595,CTAGACGCTGGAGCTGACCT,DNMT3A,25236918,antisense,"(25236921, 25236925)",16,Intron,2,None,Non-exon,Intron,None,-1,None,-1
DNMT3A2_596,CCAGCAGAGGTTCTAGACGC,DNMT3A,25236906,antisense,"(25236909, 25236913)",16,Intron,1,None,Non-exon,Intron,None,-1,None,-1
DNMT3A2_597,CCAGCGTCTAGAACCTCTGC,DNMT3A,25236928,sense,"(25236921, 25236925)",16,Intron,2,None,Non-exon,Intron,None,-1,None,-1
DNMT3A2_598,CAGCGTCTAGAACCTCTGCT,DNMT3A,25236927,sense,"(25236920, 25236924)",16,Intron,2,None,Non-exon,Intron,None,-1,None,-1
DNMT3A2_599,AGCGTCTAGAACCTCTGCTG,DNMT3A,25236926,sense,"(25236919, 25236923)",16,Intron,1,None,Non-exon,Intron,None,-1,None,-1
DNMT3A2_600,GCGTCTAGAACCTCTGCTGG,DNMT3A,25236925,sense,"(25236918, 25236922)",16,Intron,1,None,Non-exon,Intron,None,-1,None,-1
DNMT3A2_601,CGTCTAGAACCTCTGCTGGG,DNMT3A,25236924,sense,"(25236917, 25236921)",16,Intron,1,None,Non-exon,Intron,None,-1,None,-1
DNMT3A2_602,TAGAACCTCTGCTGGGGGGC,DNMT3A,25236920,sense,"(25236913, 25236917)",16,Intron,2,None,Non-exon,Intron,None,-1,None,-1
DNMT3A2_603,AGAACCTCTGCTGGGGGGCA,DNMT3A,25236919,sense,"(25236912, 25236916)",16,Intron,3,None,Non-exon,Intron,None,-1,None,-1
DNMT3A2_604,TTCTCCCTGCCCCCCAGCAG,DNMT3A,25236893,antisense,"(25236896, 25236900)",16,Intron,3,None,Non-exon,Intron,None,-1,None,-1
DNMT3A2_605,CTAGATGAAGAGGAGAAAAG,DNMT3A,25235826,antisense,"(25235829, 25235833)",17,Intron,0,None,No_C/Non-exon,Intron,None,-1,None,-1
DNMT3A2_606,CTTTGCTGAACTAGATGAAG,DNMT3A,25235816,antisense,"(25235819, 25235823)",17,Exon,1,None,Missense,MTase,S828N,828,S639N,639
DNMT3A2_607,TCATCTAGTTCAGCAAAGTG,DNMT3A,25235833,sense,"(25235826, 25235830)",17,Intron,1,None,Non-exon,Intron,None,-1,None,-1
DNMT3A2_608,AAGTGAGGACCATTACTACG,DNMT3A,25235818,sense,"(25235811, 25235815)",17,Exon,0,None,No_C/Exon,MTase,None,831,None,642
DNMT3A2_609,GGAGTTTGACCTCGTAGTAA,DNMT3A,25235787,antisense,"(25235790, 25235794)",17,Exon,0,None,No_C/Exon,MTase,None,838,None,649
DNMT3A2_610,GAGGTCAAACTCCATAAAGC,DNMT3A,25235799,sense,"(25235792, 25235796)",17,Exon,1,None,Missense,MTase,S837L,837,S648L,648
DNMT3A2_611,AGGTCAAACTCCATAAAGCA,DNMT3A,25235798,sense,"(25235791, 25235795)",17,Exon,1,None,Missense,MTase,S837L,837,S648L,648
DNMT3A2_612,CTGGTCTTTGCCCTGCTTTA,DNMT3A,25235766,antisense,"(25235769, 25235773)",17,Exon,1,None,Missense,MTase,D845N,845,D656N,656
DNMT3A2_613,TCATGAAGACAGGAAAATGC,DNMT3A,25235747,antisense,"(25235750, 25235754)",17,Exon,0,None,No_C/Exon,MTase,None,851,None,662
DNMT3A2_614,TCTTTCTCATTCATGAAGAC,DNMT3A,25235737,antisense,"(25235740, 25235744)",17,Exon,2,None,Missense,MTase,E854K,854,E665K,665
DNMT3A2_615,TGTCTTCATGAATGAGAAAG,DNMT3A,25235757,sense,"(25235750, 25235754)",17,Exon,2,None,Silent,MTase,None,851,None,662
DNMT3A2_616,ATGAGAAAGAGGACATCTTA,DNMT3A,25235746,sense,"(25235739, 25235743)",17,Exon,0,None,No_C/Exon,MTase,None,855,None,666
DNMT3A2_617,CATCTTATGGTGCACTGAAA,DNMT3A,25235733,sense,"(25235726, 25235730)",17,Exon,1,None,Silent,MTase,None,859,None,670
DNMT3A2_618,TATGGTGCACTGAAATGGAA,DNMT3A,25235728,sense,"(25235721, 25235725)",17,Exon,1,None,Silent,MTase,None,861,None,672
DNMT3A2_619,CACTGAAATGGAAAGGTACC,DNMT3A,25235721,sense,"(25235714, 25235718)",17,Exon,0,None,No_C/Exon,MTase,None,863,None,674
DNMT3A2_620,ACTGAAATGGAAAGGTACCC,DNMT3A,25235720,sense,"(25235713, 25235717)",17,Exon,0,None,No_C/Exon,MTase,None,863,None,674
DNMT3A2_621,GAAAGGTACCCGGGTTGTGC,DNMT3A,25235711,sense,"(25235704, 25235708)",17,Exon/Intron,0,None,No_C/Exon,MTase,None,866,None,677
DNMT3A2_622,ACCCGGGTTGTGCTGGCATC,DNMT3A,25235704,sense,"(25235697, 25235701)",17,Intron,1,None,Non-exon,Intron,None,-1,None,-1
DNMT3A2_623,GCCAGATGCCAGCACAACCC,DNMT3A,25235681,antisense,"(25235684, 25235688)",17,Intron,0,None,No_C/Non-exon,Intron,None,-1,None,-1
DNMT3A2_624,AGCCAGATGCCAGCACAACC,DNMT3A,25235680,antisense,"(25235683, 25235687)",17,Intron,1,None,Non-exon,Intron,None,-1,None,-1
DNMT3A2_625,GTTGTGCTGGCATCTGGCTG,DNMT3A,25235698,sense,"(25235691, 25235695)",17,Intron,1,None,Non-exon,Intron,None,-1,None,-1
DNMT3A2_626,GCTGGCATCTGGCTGCGGTG,DNMT3A,25235693,sense,"(25235686, 25235690)",17,Intron,1,None,Non-exon,Intron,None,-1,None,-1
DNMT3A2_627,GAGAAAAGGCAGAGAGGGCA,DNMT3A,25234427,antisense,"(25234430, 25234434)",18,Intron,0,None,No_C/Non-exon,Intron,None,-1,None,-1
DNMT3A2_628,GGAGAAAAGGCAGAGAGGGC,DNMT3A,25234426,antisense,"(25234429, 25234433)",18,Intron,0,None,No_C/Non-exon,Intron,None,-1,None,-1
DNMT3A2_629,TGGGGGAGAAAAGGCAGAGA,DNMT3A,25234422,antisense,"(25234425, 25234429)",18,Intron,0,None,No_C/Non-exon,Intron,None,-1,None,-1
DNMT3A2_630,CAAATACCCTGGGGGAGAAA,DNMT3A,25234413,antisense,"(25234416, 25234420)",18,Exon,2,None,Missense,MTase,V867I,867,V678I,678
DNMT3A2_631,TGGGAAACCAAATACCCTGG,DNMT3A,25234405,antisense,"(25234408, 25234412)",18,Exon,1,None,Missense,MTase,G869D,869,G680D,680
DNMT3A2_632,CTGGGAAACCAAATACCCTG,DNMT3A,25234404,antisense,"(25234407, 25234411)",18,Exon,0,None,No_C/Exon,MTase,None,870,None,681
DNMT3A2_633,ACTGGGAAACCAAATACCCT,DNMT3A,25234403,antisense,"(25234406, 25234410)",18,Exon,0,None,No_C/Exon,MTase,None,870,None,681
DNMT3A2_634,GACTGGGAAACCAAATACCC,DNMT3A,25234402,antisense,"(25234405, 25234409)",18,Exon,0,None,No_C/Exon,MTase,None,871,None,682
DNMT3A2_635,AGACGTCAGTATAGTGGACT,DNMT3A,25234386,antisense,"(25234389, 25234393)",18,Exon,2,None,Missense,MTase,"D876N, V877I",876.5,"D687N, V688I",687.5
DNMT3A2_636,GAGACGTCAGTATAGTGGAC,DNMT3A,25234385,antisense,"(25234388, 25234392)",18,Exon,2,None,Missense,MTase,"D876N, V877I",876.5,"D687N, V688I",687.5
DNMT3A2_637,TGTTGGAGACGTCAGTATAG,DNMT3A,25234380,antisense,"(25234383, 25234387)",18,Exon,0,None,No_C/Exon,MTase,None,878,None,689
DNMT3A2_638,CGTCTCCAACATGAGCCGCT,DNMT3A,25234390,sense,"(25234383, 25234387)",18,Exon,3,None,Missense,MTase,S878F,878,S689F,689
DNMT3A2_639,CCTCGCCAAGCGGCTCATGT,DNMT3A,25234363,antisense,"(25234366, 25234370)",18,Exon,3,None,Missense,MTase,A884T,884,A695T,695
DNMT3A2_640,CCAACATGAGCCGCTTGGCG,DNMT3A,25234385,sense,"(25234378, 25234382)",18,Exon,1,None,Silent,MTase,None,880,None,691
DNMT3A2_641,GCAGTCTCTGCCTCGCCAAG,DNMT3A,25234353,antisense,"(25234356, 25234360)",18,Exon,2,None,Missense,MTase,R887K,887,R698K,698
DNMT3A2_642,CTTGGCGAGGCAGAGACTGC,DNMT3A,25234372,sense,"(25234365, 25234369)",18,Exon,1,None,Missense,MTase,A884V,884,A695V,695
DNMT3A2_643,TTGGCGAGGCAGAGACTGCT,DNMT3A,25234371,sense,"(25234364, 25234368)",18,Exon,1,None,Missense,MTase,A884V,884,A695V,695
DNMT3A2_644,CGAGGCAGAGACTGCTGGGC,DNMT3A,25234367,sense,"(25234360, 25234364)",18,Exon,1,None,Nonsense,MTase,Q886*,886,Q697*,697
DNMT3A2_645,AGAGACTGCTGGGCCGGTCA,DNMT3A,25234361,sense,"(25234354, 25234358)",18,Exon,1,None,Silent,MTase,None,888,None,699
DNMT3A2_646,TGACTGGCACGCTCCATGAC,DNMT3A,25234326,antisense,"(25234329, 25234333)",18,Exon,2,None,Missense,MTase,V897I,897,V708I,708
DNMT3A2_647,GCGAAGAGGTGGCGGATGAC,DNMT3A,25234310,antisense,"(25234313, 25234317)",18,Exon,0,None,No_C/Exon,MTase,None,901,None,712
DNMT3A2_648,TCAGCGGAGCGAAGAGGTGG,DNMT3A,25234302,antisense,"(25234305, 25234309)",18,Exon,1,None,Silent,MTase,None,904,None,715
DNMT3A2_649,CCTTCAGCGGAGCGAAGAGG,DNMT3A,25234299,antisense,"(25234302, 25234306)",18,Exon,2,None,Silent,MTase,None,905,None,716
DNMT3A2_650,CCACCTCTTCGCTCCGCTGA,DNMT3A,25234321,sense,"(25234314, 25234318)",18,Exon,3,None,Missense,MTase,L901F,901,L712F,712
DNMT3A2_651,ACTCCTTCAGCGGAGCGAAG,DNMT3A,25234296,antisense,"(25234299, 25234303)",18,Exon,3,None,Missense,MTase,E907K,907,E718K,718
DNMT3A2_652,CACGCAAAATACTCCTTCAG,DNMT3A,25234286,antisense,"(25234289, 25234293)",18,Exon,1,None,Missense,MTase,A910T,910,A721T,721
DNMT3A2_653,TTGCGTGTGTGTAAGGGACA,DNMT3A,25234292,sense,"(25234285, 25234289)",18,Exon,1,None,Missense,MTase,A910V,910,A721V,721
DNMT3A2_654,TGCGTGTGTGTAAGGGACAT,DNMT3A,25234291,sense,"(25234284, 25234288)",18,Exon,0,None,No_C/Exon,MTase,None,911,None,722
DNMT3A2_655,GCGTGTGTGTAAGGGACATG,DNMT3A,25234290,sense,"(25234283, 25234287)",18,Exon,0,None,No_C/Exon,MTase,None,911,None,722
DNMT3A2_656,CGTGTGTGTAAGGGACATGG,DNMT3A,25234289,sense,"(25234282, 25234286)",18,Exon,0,None,No_C/Exon,MTase,None,912,None,723
DNMT3A2_657,AGGGACATGGGGGCAAACTG,DNMT3A,25234279,sense,"(25234272, 25234276)",18,3'-UTR,1,None,Non-exon,3'-UTR,None,-1,None,-1
DNMT3A2_658,ACTCACGAGGTGCTGGGAGG,ESSENTIAL,-1,,"(-1, -1)",-1,Control,2,Control,Control,Control,None,-1,None,-1
DNMT3A2_659,CATACCTCTGAATGATCAAT,ESSENTIAL,-1,,"(-1, -1)",-1,Control,3,Control,Control,Control,None,-1,None,-1
DNMT3A2_660,CACTCACTGTTGCACTCTGC,ESSENTIAL,-1,,"(-1, -1)",-1,Control,2,Control,Control,Control,None,-1,None,-1
DNMT3A2_661,AACTCACCCCAAAGTCCTGA,ESSENTIAL,-1,,"(-1, -1)",-1,Control,3,Control,Control,Control,None,-1,None,-1
DNMT3A2_662,GCTCACCTGGCAGAAGCTGC,ESSENTIAL,-1,,"(-1, -1)",-1,Control,3,Control,Control,Control,None,-1,None,-1
DNMT3A2_663,ACGTACCTGTTGAAAAGTGC,ESSENTIAL,-1,,"(-1, -1)",-1,Control,2,Control,Control,Control,None,-1,None,-1
DNMT3A2_664,TAAAATACCTCCATTGATTC,ESSENTIAL,-1,,"(-1, -1)",-1,Control,1,Control,Control,Control,None,-1,None,-1
DNMT3A2_665,CTTACCTGGCTCTTCTTGGT,ESSENTIAL,-1,,"(-1, -1)",-1,Control,2,Control,Control,Control,None,-1,None,-1
DNMT3A2_666,CCTCACCTTTGAAGAGAAAG,ESSENTIAL,-1,,"(-1, -1)",-1,Control,3,Control,Control,Control,None,-1,None,-1
DNMT3A2_667,TCATTACCTGGTTGTCAAGC,ESSENTIAL,-1,,"(-1, -1)",-1,Control,2,Control,Control,Control,None,-1,None,-1
DNMT3A2_668,CCTACCTGAAACACTGACCT,ESSENTIAL,-1,,"(-1, -1)",-1,Control,2,Control,Control,Control,None,-1,None,-1
DNMT3A2_669,CACTCACCTCTTGGAGCTGG,ESSENTIAL,-1,,"(-1, -1)",-1,Control,3,Control,Control,Control,None,-1,None,-1
DNMT3A2_670,ACTACCTTATGATAGAGTTC,ESSENTIAL,-1,,"(-1, -1)",-1,Control,2,Control,Control,Control,None,-1,None,-1
DNMT3A2_671,CGGTCGCCCAATGCGCGATC,NO_SITE,-1,,"(-1, -1)",-1,Control,3,Control,Control,Control,None,-1,None,-1
DNMT3A2_672,CACGCGTAACGCGCCTTATT,NO_SITE,-1,,"(-1, -1)",-1,Control,1,Control,Control,Control,None,-1,None,-1
DNMT3A2_673,TTGAGTGCGTCGCGGCGTAA,NO_SITE,-1,,"(-1, -1)",-1,Control,1,Control,Control,Control,None,-1,None,-1
DNMT3A2_674,TGGTACATACCGCTCGCGTA,NO_SITE,-1,,"(-1, -1)",-1,Control,1,Control,Control,Control,None,-1,None,-1
DNMT3A2_675,TCGTTCCGGTCGTCGACCGT,NO_SITE,-1,,"(-1, -1)",-1,Control,2,Control,Control,Control,None,-1,None,-1
DNMT3A2_676,CCCGCCGATTAACGCGACTA,NO_SITE,-1,,"(-1, -1)",-1,Control,2,Control,Control,Control,None,-1,None,-1
DNMT3A2_677,AGCCGTCGTTGGACGTAACG,NO_SITE,-1,,"(-1, -1)",-1,Control,2,Control,Control,Control,None,-1,None,-1
DNMT3A2_678,TATATCGCGGCGTCGTTACA,NO_SITE,-1,,"(-1, -1)",-1,Control,2,Control,Control,Control,None,-1,None,-1
DNMT3A2_679,TTCCGTTAGTATGCCGTACG,NO_SITE,-1,,"(-1, -1)",-1,Control,1,Control,Control,Control,None,-1,None,-1
DNMT3A2_680,TGTCGCGTTCGCGATTTGCG,NO_SITE,-1,,"(-1, -1)",-1,Control,2,Control,Control,Control,None,-1,None,-1
DNMT3A2_681,CCCTGCGTCGACCGTAACGC,NO_SITE,-1,,"(-1, -1)",-1,Control,1,Control,Control,Control,None,-1,None,-1
DNMT3A2_682,CCCTAGATATCGTTCGCGAC,NO_SITE,-1,,"(-1, -1)",-1,Control,0,Control,Control,Control,None,-1,None,-1
DNMT3A2_683,CTGGCACGATTGAACGCGGT,NO_SITE,-1,,"(-1, -1)",-1,Control,2,Control,Control,Control,None,-1,None,-1
DNMT3A2_684,CGTGTCGTTATTCGCGAATC,NO_SITE,-1,,"(-1, -1)",-1,Control,1,Control,Control,Control,None,-1,None,-1
DNMT3A2_685,CGCCGGTTCGCGCGGATATA,NO_SITE,-1,,"(-1, -1)",-1,Control,1,Control,Control,Control,None,-1,None,-1
DNMT3A2_686,AGGGACGCATCGTTCGTCGA,NO_SITE,-1,,"(-1, -1)",-1,Control,2,Control,Control,Control,None,-1,None,-1
DNMT3A2_687,GGATACCGTACACGCGGTAT,NO_SITE,-1,,"(-1, -1)",-1,Control,2,Control,Control,Control,None,-1,None,-1
DNMT3A2_688,TAGAGGTCGTACGTAACGCG,NO_SITE,-1,,"(-1, -1)",-1,Control,1,Control,Control,Control,None,-1,None,-1
DNMT3A2_689,CTCCGAACCGCGTACGTCGT,NO_SITE,-1,,"(-1, -1)",-1,Control,2,Control,Control,Control,None,-1,None,-1
DNMT3A2_690,CTCGTACGACCGGACGTCTA,NO_SITE,-1,,"(-1, -1)",-1,Control,1,Control,Control,Control,None,-1,None,-1
DNMT3A2_691,TCAGGACCGAATCGCGATAC,NO_SITE,-1,,"(-1, -1)",-1,Control,2,Control,Control,Control,None,-1,None,-1
DNMT3A2_692,TCGCCCCGATTACGCGCATA,NO_SITE,-1,,"(-1, -1)",-1,Control,4,Control,Control,Control,None,-1,None,-1
DNMT3A2_693,TGCCGCACCTCGATCGAACG,NO_SITE,-1,,"(-1, -1)",-1,Control,3,Control,Control,Control,None,-1,None,-1
DNMT3A2_694,CCAATACGGCGTGCCGCGTT,NO_SITE,-1,,"(-1, -1)",-1,Control,1,Control,Control,Control,None,-1,None,-1
DNMT3A2_695,CTAATCCGTCGTGTCGGACG,NO_SITE,-1,,"(-1, -1)",-1,Control,2,Control,Control,Control,None,-1,None,-1
DNMT3A2_696,GACTCCGAAACGTACCGTCG,NO_SITE,-1,,"(-1, -1)",-1,Control,2,Control,Control,Control,None,-1,None,-1
DNMT3A2_697,ATCAACGCGGCGGACGGATT,NO_SITE,-1,,"(-1, -1)",-1,Control,2,Control,Control,Control,None,-1,None,-1
DNMT3A2_698,AAGCGGTTGTACGACGCACG,NO_SITE,-1,,"(-1, -1)",-1,Control,1,Control,Control,Control,None,-1,None,-1
DNMT3A2_699,GAGGGACGTAATCCCGATCG,NO_SITE,-1,,"(-1, -1)",-1,Control,1,Control,Control,Control,None,-1,None,-1
DNMT3A2_700,TCCATACGCGCGACCGGATA,NO_SITE,-1,,"(-1, -1)",-1,Control,1,Control,Control,Control,None,-1,None,-1
DNMT3A2_701,TAGTTATGTAGACGTCCTGC,NON-GENE,-1,,"(-1, -1)",-1,Control,0,Control,Control,Control,None,-1,None,-1
DNMT3A2_702,CCGTGTGGGTATATGACTCG,NON-GENE,-1,,"(-1, -1)",-1,Control,0,Control,Control,Control,None,-1,None,-1
DNMT3A2_703,CTCTGGAAGACTTTAGCCGC,NON-GENE,-1,,"(-1, -1)",-1,Control,0,Control,Control,Control,None,-1,None,-1
DNMT3A2_704,GACACAAGTGTGAACGTTCG,NON-GENE,-1,,"(-1, -1)",-1,Control,1,Control,Control,Control,None,-1,None,-1
DNMT3A2_705,TGGTCCATTCCATTGCGACT,NON-GENE,-1,,"(-1, -1)",-1,Control,2,Control,Control,Control,None,-1,None,-1
DNMT3A2_706,TGGGATGAGGACTATACCTT,NON-GENE,-1,,"(-1, -1)",-1,Control,0,Control,Control,Control,None,-1,None,-1
DNMT3A2_707,CTGGGGGTTGGACTTTCGTG,NON-GENE,-1,,"(-1, -1)",-1,Control,0,Control,Control,Control,None,-1,None,-1
DNMT3A2_708,TCACCAGGGATAGCCCCATA,NON-GENE,-1,,"(-1, -1)",-1,Control,2,Control,Control,Control,None,-1,None,-1
DNMT3A2_709,TGTGGTGTGGTTGATCGCAA,NON-GENE,-1,,"(-1, -1)",-1,Control,0,Control,Control,Control,None,-1,None,-1
DNMT3A2_710,GGTGCTGTTAATTTCCGTTG,NON-GENE,-1,,"(-1, -1)",-1,Control,1,Control,Control,Control,None,-1,None,-1
DNMT3A2_711,CCATGGTTTAGACACAACGG,NON-GENE,-1,,"(-1, -1)",-1,Control,0,Control,Control,Control,None,-1,None,-1
DNMT3A2_712,CCAGGGACAGGACTTACGGT,NON-GENE,-1,,"(-1, -1)",-1,Control,1,Control,Control,Control,None,-1,None,-1
DNMT3A2_713,CCGGCTCCCATGCGGCAACC,NON-GENE,-1,,"(-1, -1)",-1,Control,3,Control,Control,Control,None,-1,None,-1
DNMT3A2_714,GGAGTAAACCCGCATGATGG,NON-GENE,-1,,"(-1, -1)",-1,Control,0,Control,Control,Control,None,-1,None,-1
DNMT3A2_715,TGGGCCTCTGTAAACGGCAC,NON-GENE,-1,,"(-1, -1)",-1,Control,3,Control,Control,Control,None,-1,None,-1
DNMT3A2_716,TGATATCTGTTCACTACGGT,NON-GENE,-1,,"(-1, -1)",-1,Control,1,Control,Control,Control,None,-1,None,-1
DNMT3A2_717,CCCGGCGTACAGCCTATCCG,NON-GENE,-1,,"(-1, -1)",-1,Control,1,Control,Control,Control,None,-1,None,-1
DNMT3A2_718,GCCTCGTGGGATGCGTTGTG,NON-GENE,-1,,"(-1, -1)",-1,Control,1,Control,Control,Control,None,-1,None,-1
DNMT3A2_719,CTGCCTGCCCTAACGTTGGA,NON-GENE,-1,,"(-1, -1)",-1,Control,3,Control,Control,Control,None,-1,None,-1
DNMT3A2_720,TCGTAGTGTATTACGATGCT,NON-GENE,-1,,"(-1, -1)",-1,Control,0,Control,Control,Control,None,-1,None,-1
DNMT3A2_721,TGGCTAGACTATACGTTGTG,NON-GENE,-1,,"(-1, -1)",-1,Control,1,Control,Control,Control,None,-1,None,-1
DNMT3A2_722,CAAGTCTACGCAGCCGTAAG,NON-GENE,-1,,"(-1, -1)",-1,Control,1,Control,Control,Control,None,-1,None,-1
DNMT3A2_723,TGGGTTGGATGCCACTAACC,NON-GENE,-1,,"(-1, -1)",-1,Control,0,Control,Control,Control,None,-1,None,-1
DNMT3A2_724,TAGGCAAAATGACGCTCACT,NON-GENE,-1,,"(-1, -1)",-1,Control,1,Control,Control,Control,None,-1,None,-1
DNMT3A2_725,CTCCTTGCTGGCGATCAATG,NON-GENE,-1,,"(-1, -1)",-1,Control,2,Control,Control,Control,None,-1,None,-1
DNMT3A2_726,TATAGGGGAACCCATACGTA,NON-GENE,-1,,"(-1, -1)",-1,Control,0,Control,Control,Control,None,-1,None,-1
DNMT3A2_727,TATTGCGAACCGAATGTACG,NON-GENE,-1,,"(-1, -1)",-1,Control,1,Control,Control,Control,None,-1,None,-1
DNMT3A2_728,CAGGCCATTATAACGTAATG,NON-GENE,-1,,"(-1, -1)",-1,Control,2,Control,Control,Control,None,-1,None,-1
DNMT3A2_729,AGTTGACAGCCTGAACCGGT,NON-GENE,-1,,"(-1, -1)",-1,Control,1,Control,Control,Control,None,-1,None,-1
DNMT3A2_730,ATGTAGATGGCGCCCCCTTG,NON-GENE,-1,,"(-1, -1)",-1,Control,0,Control,Control,Control,None,-1,None,-1