Supplementary Data 3 | Summary of DNMT3A base editor scanning results,,,,,,,,
sgRNA_ID,sgRNA_seq,Mut_type,Domain,Mutation_list,sgRNA_score_d9_citrine_positive,Hit_status,Validated,Name_used_in_paper
DNMT3A2_486,GCCCCACTCCTGGATCTGGG,Nonsense,MTase,W698*,1.751051172,enriched,Yes,sgW698 in paper
DNMT3A2_456,ACACCTCCGAGGCAATGTAG,Missense,MTase,"E664K, V665M",1.735522441,enriched,Yes,sgE664/V665 in paper
DNMT3A2_335,AGTTCTAGACAGCAGCGGGA,Splice,Splice,None,1.645690181,enriched,,
DNMT3A2_532,TCTCAAAGAGCCAGAAGAAG,Missense,MTase,E756K,1.635047245,enriched,,
DNMT3A2_339,GCGTACCAGTACGACGACGA,Nonsense,ADD,Q527*,1.601537489,enriched,,
DNMT3A2_522,ACCGCCTCCTGCATGATGCG,Missense,MTase,L737F,1.598453115,enriched,Yes,sgL737 in paper
DNMT3A2_565,CCAACCTGTTCATACCGGGA,Splice,Splice,R803K,1.561449583,enriched,,
DNMT3A2_334,GTTCTAGACAGCAGCGGGAA,Splice,Splice,None,1.554929353,enriched,,
DNMT3A2_302,TGTCTGGAAAGCAGAGGGAG,Splice,Splice,None,1.546450977,enriched,,
DNMT3A2_304,GATGTCTGGAAAGCAGAGGG,Splice,Splice,None,1.515879297,enriched,,
DNMT3A2_303,ATGTCTGGAAAGCAGAGGGA,Splice,Splice,None,1.505036595,enriched,,
DNMT3A2_428,CATCAAAGAGAGACAGCACC,Missense,MTase,D641N,1.455681756,enriched,Yes,sgD641 in paper
DNMT3A2_066,GGAGTCTCAGAAGGTGGAGG,Nonsense,Nterm,"S236F, Q237*",1.453341986,enriched,,
DNMT3A2_145,TCCGAACCACATGACCCAGC,Nonsense,PWWP,W330*,1.424843186,enriched,,
DNMT3A2_550,TTGGACTACAAAACAGGAGA,Splice,Splice,None,1.392170617,enriched,,
DNMT3A2_534,ATTCTCAAAGAGCCAGAAGA,Missense,MTase,E756K,1.356937841,enriched,Yes,sgE756 in paper
DNMT3A2_151,ATTCTCAGTGGTAAGTTGTG,Missense,PWWP,S337L,1.34341625,enriched,Yes,sgS337.2 in paper
DNMT3A2_462,GGACTCCATCACGGTGGGCA,Missense,MTase,S669F,1.313093069,enriched,,
DNMT3A2_146,CTCCGAACCACATGACCCAG,Nonsense,PWWP,"W330*, G332R",1.282607358,enriched,,
DNMT3A2_480,GGAGGATAAAGGCAACGTGA,No_C/Non-exon,Intron,None,1.280203665,enriched,,
DNMT3A2_636,GAGACGTCAGTATAGTGGAC,Missense,MTase,"D876N, V877I",1.26521687,enriched,,
DNMT3A2_533,TTCTCAAAGAGCCAGAAGAA,Missense,MTase,E756K,1.25018718,enriched,,
DNMT3A2_615,TGTCTTCATGAATGAGAAAG,Silent,MTase,None,1.214088639,enriched,,
DNMT3A2_118,GCTCCCCAATGCCAAAGCCC,Missense,PWWP,"G293K, E294K",1.21161357,enriched,Yes,sgG293/E294 in paper
DNMT3A2_557,AGAAGTGTCAGCTGCACACA,No_C/Exon,MTase,None,1.171668648,enriched,,
DNMT3A2_520,GCCGGCCAGTGCCCTCTGAG,Missense,MTase,G728N,1.133755678,enriched,,
DNMT3A2_305,GCAGATGTCTGGAAAGCAGA,No_C/Exon,ADD,None,1.128179073,enriched,,
DNMT3A2_521,GGTAGAACTCAAAGAAGAGC,Silent,MTase,None,1.121322688,enriched,,
DNMT3A2_322,ATGTGCCAAAACTGCAAGGT,Nonsense,ADD,Q515*,1.079498779,enriched,,
DNMT3A2_149,AAATTCTCAGTGGTAAGTTG,Missense,PWWP,S337L,1.076306066,enriched,Yes,sgS337.1 in paper
DNMT3A2_426,AAGAGAGACAGCACCCGGAT,No_C/Exon,MTase,None,1.061983123,enriched,,
DNMT3A2_300,GGAAAGCAGAGGGAGGGGAT,Non-exon,Intron,None,1.059013717,enriched,,
DNMT3A2_458,GGAGTCCTCACACACCTCCG,Missense,MTase,D668N,1.048144071,enriched,Yes,sgD668 in paper
DNMT3A2_487,TGGGCCCCACTCCTGGATCT,Nonsense,MTase,"W698*, G699N",1.023424427,enriched,,
DNMT3A2_562,GAAGGTTACCCCAGAAGTAG,No_C/Exon,MTase,None,0.991136555,enriched,,
DNMT3A2_137,TGTCTTGGTGGATGACGGGC,Missense,PWWP,S312F,0.956100248,enriched,Yes,sgS312.2 in paper
DNMT3A2_245,CTCTTCTGGAGGAGGAAAGC,Splice,Splice,None,0.946177236,enriched,,
DNMT3A2_244,GAGGAGGAAAGCAGGTGCCA,No_C/Non-exon,Intron,None,0.940326376,enriched,,
DNMT3A2_482,TCCTGGATCTGGGAGGATAA,No_C/Exon,MTase,None,0.928271925,enriched,,
DNMT3A2_336,AAGCAGTTCTAGACAGCAGC,Missense,ADD,C520Y,0.915777269,enriched,Yes,sgC520 in paper
DNMT3A2_635,AGACGTCAGTATAGTGGACT,Missense,MTase,"D876N, V877I",0.9127358,enriched,,
DNMT3A2_631,TGGGAAACCAAATACCCTGG,Missense,MTase,G869D,0.909494548,enriched,,
DNMT3A2_168,TCAGCTTCTCAACACACACC,Silent,PWWP,None,0.909057385,enriched,Yes,sgE342.2 in paper
DNMT3A2_402,CACTCACAAATTCCTGGTCG,Splice,Splice,None,0.903934257,enriched,,
DNMT3A2_592,CTGCAGGAGTGTCTGGAGCA,Nonsense,MTase,Q816*,0.874551418,enriched,,
DNMT3A2_150,AATTCTCAGTGGTAAGTTGT,Missense,PWWP,S337L,0.863940019,enriched,,
DNMT3A2_564,GTAACCTTCCCGGTATGAAC,Missense,MTase,L798F,0.863492384,enriched,,
DNMT3A2_278,CTCTGCAAGGGGAGGAGAGC,Non-exon,Intron,None,0.861858935,enriched,,
DNMT3A2_434,TCGCTACAGGTGAGGGGTGC,Missense,MTase,"A644V, T645I",0.851588072,enriched,,
DNMT3A2_491,GGCCCATTCGATCTGGTGAT,Missense,MTase,P700L,0.842096978,enriched,,
DNMT3A2_318,CACATTCCTCCAACGAAGAG,Missense,ADD,G512K,0.822615399,enriched,,
DNMT3A2_065,CGGGGAGTCTCAGAAGGTGG,No_C/Exon,Nterm,None,0.808797612,enriched,,
DNMT3A2_566,CCTTCCCGGTATGAACAGGT,Missense,MTase,P799F,0.797565359,enriched,Yes,sgP799 in paper
DNMT3A2_644,CGAGGCAGAGACTGCTGGGC,Nonsense,MTase,Q886*,0.788554604,enriched,,
DNMT3A2_727,TATTGCGAACCGAATGTACG,Intergenic,Control,None,0.762329621,enriched,,
DNMT3A2_134,TCATCCACCAAGACACAATG,Nonsense,PWWP,"W313*, W314*",0.755189135,enriched,,
DNMT3A2_461,TGTGAGGACTCCATCACGGT,No_C/Exon,MTase,None,0.716675739,enriched,,
DNMT3A2_464,CCATCACGGTGGGCATGGTG,Missense,MTase,T671M,0.714198955,enriched,,
DNMT3A2_614,TCTTTCTCATTCATGAAGAC,Missense,MTase,E854K,0.705059419,enriched,,
DNMT3A2_588,ATCCACTGTGAATGATAAGC,Missense,MTase,T808I,0.691161247,enriched,Yes,sgT808 in paper
DNMT3A2_281,ACCAGCCGCTCTGCAAGGGG,Missense,Inter1,R478Q,0.690205783,enriched,,
DNMT3A2_317,ACATTCCTCCAACGAAGAGG,Missense,ADD,G512K,0.684537383,enriched,,
DNMT3A2_109,CCGGCCGTCCTGGAGCCCCA,Missense,Nterm,G287N,0.657807551,enriched,,
DNMT3A2_167,CAGCTTCTCAACACACACCT,Silent,PWWP,None,0.6492132,enriched,,
DNMT3A2_316,GAACACCCCCTCTTCGTTGG,Missense,ADD,"H506Y, P507F",0.623664034,enriched,,
DNMT3A2_306,TGCAGATGTCTGGAAAGCAG,No_C/Exon,ADD,None,0.623122864,enriched,,
DNMT3A2_619,CACTGAAATGGAAAGGTACC,No_C/Exon,MTase,None,0.614098609,enriched,,
DNMT3A2_175,GTACCGCAAAGCCATCTACG,Missense,Inter1,R366C,0.596685615,enriched,No,sgR366 in paper
DNMT3A2_457,CATTGCCTCGGAGGTGTGTG,Missense,MTase,A662V,0.588495492,enriched,,
DNMT3A2_135,CATTGTGTCTTGGTGGATGA,No_C/Exon,PWWP,None,0.575505504,enriched,Yes,sgS312.1 in paper
DNMT3A2_388,TGCGGGCACAAGGGTACCTA,Missense,ADD,H588Y,0.570403173,enriched,,
DNMT3A2_488,ATGGGCCCCACTCCTGGATC,Nonsense,MTase,"W698*, G699N",0.56967466,enriched,,
DNMT3A2_186,TCCTCCTCCGAGCTCCCAGC,Non-exon,Intron,None,0.545480287,enriched,,
DNMT3A2_164,CTTCTCAACACACACCTGGG,Missense,PWWP,E342K,0.543951549,enriched,No,sgE342.1 in paper
DNMT3A2_479,GAGGATAAAGGCAACGTGAT,No_C/Non-exon,Intron,None,0.541685236,enriched,,
DNMT3A2_611,AGGTCAAACTCCATAAAGCA,Missense,MTase,S837L,0.533211932,enriched,,
DNMT3A2_432,GATGGAATCGCTACAGGTGA,No_C/Exon,MTase,None,0.532349374,enriched,,
DNMT3A2_561,AAGGTTACCCCAGAAGTAGC,Missense,MTase,G796D,0.528895588,enriched,,
DNMT3A2_128,AACTGCGGGGCTTCTCCTGG,Missense,PWWP,R301W,0.520849943,enriched,Yes,sgR301 in paper
DNMT3A2_463,CCGCACCATGCCCACCGTGA,Missense,MTase,"M674I, V675I",0.517355204,enriched,,
DNMT3A2_587,TCATTCACAGTGGATGCCAA,Missense,MTase,V809I,0.508529382,enriched,,
DNMT3A2_651,ACTCCTTCAGCGGAGCGAAG,Missense,MTase,E907K,0.507913693,enriched,Yes,sgE907 in paper
DNMT3A2_337,AAAGCAGTTCTAGACAGCAG,Missense,ADD,C520Y,0.495861776,enriched,,
DNMT3A2_537,CTTTGAGAATGTGGTGGCCA,No_C/Exon,MTase,None,0.492373389,enriched,,
DNMT3A2_523,GCCGCGCATCATGCAGGAGG,Missense,MTase,A741T,0.492193728,enriched,,
DNMT3A2_556,AAGAAGTGTCAGCTGCACAC,No_C/Exon,MTase,None,0.468303466,enriched,,
DNMT3A2_639,CCTCGCCAAGCGGCTCATGT,Missense,MTase,A884T,0.465642408,enriched,,
DNMT3A2_656,CGTGTGTGTAAGGGACATGG,No_C/Exon,MTase,None,0.458072536,enriched,,
DNMT3A2_357,CTCCAGTGGTCTCCTTAGCT,Non-exon,Intron,None,0.453619104,enriched,,
DNMT3A2_363,TCCACGCAAAAGCACCTGGA,Missense,ADD,"C559Y, V560M",0.452212909,enriched,,
DNMT3A2_524,TGGGCCGCGCATCATGCAGG,Missense,MTase,R742Q,0.447142484,enriched,,
DNMT3A2_346,TACTGCACCATCTGCTGTGG,Missense,ADD,T538I,0.444427048,enriched,,
DNMT3A2_638,CGTCTCCAACATGAGCCGCT,Missense,MTase,S878F,0.44396217,enriched,,
DNMT3A2_152,CAGTGGTAAGTTGTGGGGTT,No_C/Exon,PWWP,None,0.442640874,enriched,,
DNMT3A2_155,TGGGGTTTGGCAGTAGCCTG,No_C/Non-exon,Intron,None,0.442167642,enriched,,
DNMT3A2_210,TGACACTGCCAAGGCCGTGG,Missense,Inter1,T395I,0.43932141,enriched,,
DNMT3A2_133,CAGGCCGCATTGTGTCTTGG,Missense,PWWP,R309C,0.438950111,enriched,,
DNMT3A2_497,ACGATGGAGAGGTCATTGCA,No_C/Exon,MTase,None,0.43810434,enriched,,
DNMT3A2_536,CTGGCTCTTTGAGAATGTGG,Missense,MTase,L754F,0.435674528,enriched,,
DNMT3A2_634,GACTGGGAAACCAAATACCC,No_C/Exon,MTase,None,0.422503279,unchanged,,
DNMT3A2_662,GCTCACCTGGCAGAAGCTGC,Essential,Control,None,0.416665896,unchanged,,
DNMT3A2_301,TGGAAAGCAGAGGGAGGGGA,Non-exon,Intron,None,0.415693631,unchanged,,
DNMT3A2_477,GTGTGCAGGGAGGGGAAGAC,Non-exon,Intron,None,0.415449279,unchanged,,
DNMT3A2_650,CCACCTCTTCGCTCCGCTGA,Missense,MTase,L901F,0.415047514,unchanged,,
DNMT3A2_542,GGACATCTCGCGATTTCTCG,Silent,MTase,None,0.411620888,unchanged,,
DNMT3A2_529,GGGCGATCATCTCCCTCCTT,Missense,MTase,"D748N, R749H",0.409087087,unchanged,,
DNMT3A2_115,GACGGCCGGGGCTTTGGCAT,Missense,Nterm,R288W,0.408560971,unchanged,,
DNMT3A2_289,CAGAAGTGCCGGAACATTGA,No_C/Exon,ADD,None,0.4050406,unchanged,,
DNMT3A2_546,TTAGTGAGCTGGCCAAACCA,No_C/Non-exon,Intron,None,0.400326629,unchanged,,
DNMT3A2_051,AAGAAAGCCAAGGTCATTGC,Missense,Nterm,A218V,0.396816276,unchanged,,
DNMT3A2_136,ATTGTGTCTTGGTGGATGAC,Missense,PWWP,S312F,0.39679615,unchanged,,
DNMT3A2_653,TTGCGTGTGTGTAAGGGACA,Missense,MTase,A910V,0.392343686,unchanged,,
DNMT3A2_372,GGACCTCTTGGTGGGGCCGG,Missense,ADD,L565F,0.391892162,unchanged,,
DNMT3A2_535,CTTCTGGCTCTTTGAGAATG,Missense,MTase,L754F,0.391028308,unchanged,,
DNMT3A2_284,CGTACACCAGCCGCTCTGCA,Missense,Inter1,V480I,0.382961514,unchanged,,
DNMT3A2_652,CACGCAAAATACTCCTTCAG,Missense,MTase,A910T,0.382505982,unchanged,,
DNMT3A2_258,CTCCACCAGCCAAAAAGCCC,Missense,Inter1,"P452L, P453L",0.378535709,unchanged,,
DNMT3A2_467,TGGGCATGGTGCGGCACCAG,Silent,MTase,None,0.376642988,unchanged,,
DNMT3A2_460,GTGTGAGGACTCCATCACGG,No_C/Exon,MTase,None,0.373161239,unchanged,,
DNMT3A2_400,GGTTATTAGCGAAGAACATC,No_C/Exon,ADD,None,0.372835528,unchanged,,
DNMT3A2_188,GAGGAGCCTAGAGCACTAGG,Non-exon,Intron,None,0.369601743,unchanged,,
DNMT3A2_502,ATCGTCAACCCTGCTCGCAA,Silent,MTase,None,0.366158447,unchanged,,
DNMT3A2_341,AGCAGATGGTGCAGTAGGAC,No_C/Exon,ADD,None,0.365238156,unchanged,,
DNMT3A2_377,GTCTTCCTTAATGGCTGCCT,Missense,ADD,E578K,0.365088047,unchanged,,
DNMT3A2_560,CACAGGGCCCGCTACTTCTG,Missense,MTase,A791V,0.363927812,unchanged,,
DNMT3A2_176,GGACCTCGTAGATGGCTTTG,Missense,Inter1,"E371K, V372I",0.354226007,unchanged,,
DNMT3A2_299,GAAAGCAGAGGGAGGGGATG,Non-exon,Intron,None,0.354106496,unchanged,,
DNMT3A2_567,TTCACCAACCTGTTCATACC,Non-exon,Intron,None,0.351273993,unchanged,,
DNMT3A2_022,CTCCCCGCCCCCGGTCTCCC,Non-exon,Intron,None,0.349444977,unchanged,,
DNMT3A2_034,AGCGGGTTGTGAGAAGGAAT,No_C/Exon,Nterm,None,0.349312806,unchanged,,
DNMT3A2_610,GAGGTCAAACTCCATAAAGC,Missense,MTase,S837L,0.347896176,unchanged,,
DNMT3A2_595,CTAGACGCTGGAGCTGACCT,Non-exon,Intron,None,0.341335046,unchanged,,
DNMT3A2_235,AGCCACCAGAAGGTAAATGA,Missense,Inter1,"P424L, P425L",0.33092606,unchanged,,
DNMT3A2_052,ATTCATTCCTGCAATGACCT,Missense,Nterm,"G223E, M224I",0.329716347,unchanged,,
DNMT3A2_124,AGCTGGTGTGGGGGAAACTG,No_C/Exon,PWWP,None,0.325913472,unchanged,,
DNMT3A2_568,TTTCACCAACCTGTTCATAC,Non-exon,Intron,None,0.325337335,unchanged,,
DNMT3A2_132,CACCAAGACACAATGCGGCC,Nonsense,PWWP,W313*,0.324592792,unchanged,,
DNMT3A2_249,TCCCTACAAAGAAGTGTACA,Silent,Inter1,None,0.320001179,unchanged,,
DNMT3A2_028,CCGCTCCAGGATCCCTACAA,Missense,Nterm,Not_in_3A1,0.310021088,unchanged,,
DNMT3A2_448,TGCAGGGCTCCTGGTGCTGA,Missense,MTase,L647F,0.307801284,unchanged,,
DNMT3A2_539,CCTCTTGTCACTAACGCCCA,Silent,MTase,None,0.304814183,unchanged,,
DNMT3A2_433,ATGGAATCGCTACAGGTGAG,Silent,MTase,None,0.303965076,unchanged,,
DNMT3A2_401,CTTCGCTAATAACCACGACC,Missense,ADD,A610V,0.302645304,unchanged,,
DNMT3A2_234,GAGCCACCAGAAGGTAAATG,Missense,Inter1,"P424L, P425L",0.297932125,unchanged,,
DNMT3A2_178,CACCTGCAGGACCTCGTAGA,Silent,Inter1,None,0.294801272,unchanged,,
DNMT3A2_319,GCACATTCCTCCAACGAAGA,Missense,ADD,"G512E, M513I",0.290734927,unchanged,,
DNMT3A2_494,CCCATTCGATCTGGTGATTG,Silent,MTase,None,0.289899891,unchanged,,
DNMT3A2_209,GAGTGACACTGCCAAGGCCG,Silent,Inter1,None,0.287499341,unchanged,,
DNMT3A2_466,GTGGGCATGGTGCGGCACCA,Silent,MTase,None,0.285890259,unchanged,,
DNMT3A2_594,GGAGCATGGCAGGATAGCCA,Missense,MTase,H821Y,0.282079286,unchanged,,
DNMT3A2_027,ATTCTCCTTTGTAGGGATCC,Non-exon,Intron,None,0.280618741,unchanged,,
DNMT3A2_526,CCTGCATGATGCGCGGCCCA,Missense,MTase,H739Y,0.280419925,unchanged,,
DNMT3A2_012,GTCTCCCCGGGGCTCCGTCC,Non-exon,Intron,None,0.279788147,unchanged,,
DNMT3A2_110,CCTTGGGGCTCCAGGACGGC,No_C/Non-exon,Intron,None,0.278167496,unchanged,,
DNMT3A2_307,CCACAGGAGATGCAGATGTC,Missense,ADD,C497Y,0.276820887,unchanged,,
DNMT3A2_421,TTCCTCTTCTCAGCTGGGAC,Missense,Inter2,R631K,0.276734519,unchanged,,
DNMT3A2_263,GAGCACAGCGGAGAAGCCCA,Missense,Inter1,T461I,0.275037797,unchanged,,
DNMT3A2_629,TGGGGGAGAAAAGGCAGAGA,No_C/Non-exon,Intron,None,0.269907115,unchanged,,
DNMT3A2_569,AACAGGTTGGTGAAAGCTCC,No_C/Exon,MTase,None,0.264498451,unchanged,,
DNMT3A2_193,ACCTGGAGGGTGACACGCCA,No_C/Non-exon,Intron,None,0.261568018,unchanged,,
DNMT3A2_600,GCGTCTAGAACCTCTGCTGG,Non-exon,Intron,None,0.260684958,unchanged,,
DNMT3A2_383,CCCTGGAACTGCTACATGTG,No_C/Exon,ADD,None,0.259320345,unchanged,,
DNMT3A2_378,GGTCTTCCTTAATGGCTGCC,Missense,ADD,"E578K, D579N",0.258742529,unchanged,,
DNMT3A2_156,GGTTTGGCAGTAGCCTGGGG,Non-exon,Intron,None,0.257749447,unchanged,,
DNMT3A2_725,CTCCTTGCTGGCGATCAATG,Intergenic,Control,None,0.252442277,unchanged,,
DNMT3A2_320,GGCACATTCCTCCAACGAAG,Missense,ADD,M513I,0.251298428,unchanged,,
DNMT3A2_518,GCCAGTGCCCTCTGAGAGGT,Missense,MTase,G726D,0.24998604,unchanged,,
DNMT3A2_658,ACTCACGAGGTGCTGGGAGG,Essential,Control,None,0.248404564,unchanged,,
DNMT3A2_142,AGCAGCTGAAGGCACCCGCT,Missense,PWWP,A322V,0.246073589,unchanged,,
DNMT3A2_677,AGCCGTCGTTGGACGTAACG,Non-targeting,Control,None,0.240824751,unchanged,,
DNMT3A2_455,GGACCGCTACATTGCCTCGG,Missense,MTase,R659C,0.240331171,unchanged,,
DNMT3A2_495,CCCCCAATCACCAGATCGAA,Missense,MTase,G706K,0.235266862,unchanged,,
DNMT3A2_669,CACTCACCTCTTGGAGCTGG,Essential,Control,None,0.234267609,unchanged,,
DNMT3A2_559,ACACAGGGCCCGCTACTTCT,Silent,MTase,None,0.234146508,unchanged,,
DNMT3A2_582,CTGTGGGCTGGGACTGCAGG,Non-exon,Intron,None,0.231768192,unchanged,,
DNMT3A2_277,GGGAGGAGAGCTGGCGTCAG,No_C/Non-exon,Intron,None,0.230532107,unchanged,,
DNMT3A2_125,GCTGGTGTGGGGGAAACTGC,No_C/Exon,PWWP,None,0.22932599,unchanged,,
DNMT3A2_618,TATGGTGCACTGAAATGGAA,Silent,MTase,None,0.227432339,unchanged,,
DNMT3A2_427,AAAGAGAGACAGCACCCGGA,No_C/Exon,MTase,None,0.226810654,unchanged,,
DNMT3A2_214,GAACAAGCCCATGATTGAAT,Missense,Inter1,P405S,0.225341412,unchanged,,
DNMT3A2_081,GGCTACCACGCCTGAGCCCG,Missense,Nterm,T260I,0.223513045,unchanged,,
DNMT3A2_201,AGGTGGCCAGCAGCCGCGCG,Missense,Inter1,A376V,0.22284238,unchanged,,
DNMT3A2_228,GCCTTCTGGCCCTAAGGGCC,Missense,Inter1,S417F,0.220885431,unchanged,,
DNMT3A2_083,CTACCACGCCTGAGCCCGTG,Missense,Nterm,"T260I, T261M",0.219471422,unchanged,,
DNMT3A2_519,ACCTCTCAGAGGGCACTGGC,Non-exon,Intron,None,0.218773478,unchanged,,
DNMT3A2_255,GGACATGTGGGTGGAACCTG,Silent,Inter1,None,0.218190535,unchanged,,
DNMT3A2_504,CCGTAGAGGCCCTTGCGAGC,No_C/Exon,MTase,None,0.21748266,unchanged,,
DNMT3A2_704,GACACAAGTGTGAACGTTCG,Intergenic,Control,None,0.215451978,unchanged,,
DNMT3A2_632,CTGGGAAACCAAATACCCTG,No_C/Exon,MTase,None,0.214105892,unchanged,,
DNMT3A2_329,GCCTCAACGGCACCTCTCCT,Non-exon,Intron,None,0.211007306,unchanged,,
DNMT3A2_350,TTCCGCACATGAGCACCTCA,Missense,ADD,"M548I, C549Y, G550R",0.210948546,unchanged,,
DNMT3A2_005,AGGAACCTACCCATAAGGCC,Non-exon,Intron,None,0.209770918,unchanged,,
DNMT3A2_472,CATGCTTCTGTGTGACGCTG,Silent,MTase,None,0.205404348,unchanged,,
DNMT3A2_019,CCCCGCCCCCGGTCTCCCCG,Non-exon,Intron,None,0.201252324,unchanged,,
DNMT3A2_508,GCTGAGAAGGTGGAGGGGAC,No_C/Non-exon,Intron,None,0.200530086,unchanged,,
DNMT3A2_429,CGGGTGCTGTCTCTCTTTGA,Silent,MTase,None,0.199821218,unchanged,,
DNMT3A2_273,GTGCCACCCTCTCCAGAAGC,Non-exon,Intron,None,0.199494036,unchanged,,
DNMT3A2_439,GGTGCTGGCCGCCTTGTCCC,Non-exon,Intron,None,0.19736906,unchanged,,
DNMT3A2_008,CTTATGGGTAGGTTCCTGGA,No_C/Exon,Nterm,None,0.195370942,unchanged,,
DNMT3A2_139,TGCCTTCAGCTGCTCGGCTC,Missense,PWWP,"E323K, G324S",0.193126077,unchanged,,
DNMT3A2_148,CGGAGACGGCAAATTCTCAG,Silent,PWWP,None,0.192214655,unchanged,,
DNMT3A2_058,TGGAAGAAAACCAGGGGCCC,No_C/Exon,Nterm,None,0.191101624,unchanged,,
DNMT3A2_261,CTTCTCCGCTGTGCTCTTCC,Missense,Inter1,E463K,0.187420845,unchanged,,
DNMT3A2_064,CTCCACCTTCTGAGACTCCC,Missense,Nterm,V239I,0.186767531,unchanged,,
DNMT3A2_598,CAGCGTCTAGAACCTCTGCT,Non-exon,Intron,None,0.186198232,unchanged,,
DNMT3A2_688,TAGAGGTCGTACGTAACGCG,Non-targeting,Control,None,0.185786718,unchanged,,
DNMT3A2_707,CTGGGGGTTGGACTTTCGTG,Intergenic,Control,None,0.184417482,unchanged,,
DNMT3A2_296,CTGGCACTCCTAGTGTGGCA,Non-exon,Intron,None,0.18421724,unchanged,,
DNMT3A2_323,GTGCTCCTACCTTGCAGTTT,Non-exon,Intron,None,0.183732602,unchanged,,
DNMT3A2_294,CTAGGAGTGCCAGAGTTCCC,No_C/Non-exon,Intron,None,0.183288023,unchanged,,
DNMT3A2_672,CACGCGTAACGCGCCTTATT,Non-targeting,Control,None,0.179385563,unchanged,,
DNMT3A2_627,GAGAAAAGGCAGAGAGGGCA,No_C/Non-exon,Intron,None,0.178339475,unchanged,,
DNMT3A2_442,GGCCGCCTTGTCCCAGGATG,Non-exon,Intron,None,0.178244117,unchanged,,
DNMT3A2_500,CTTGCGAGCAGGGTTGACGA,Missense,MTase,R720H,0.177469631,unchanged,,
DNMT3A2_451,TGCCCAAGTCCTTCAGCACC,Missense,MTase,G654S,0.17693449,unchanged,,
DNMT3A2_121,TGGCATTGGGGAGCTGGTGT,Silent,PWWP,None,0.173539369,unchanged,,
DNMT3A2_324,AGGTAGGAGCACACCCACCC,No_C/Non-exon,Intron,None,0.172774813,unchanged,,
DNMT3A2_509,GTCCCCTCCACCTTCTCAGC,Non-exon,Intron,None,0.172246295,unchanged,,
DNMT3A2_063,TCCACCTTCTGAGACTCCCC,Missense,Nterm,V239M,0.172133823,unchanged,,
DNMT3A2_558,CACACAGGGCCCGCTACTTC,Silent,MTase,None,0.171848674,unchanged,,
DNMT3A2_173,TAGATGGCTTTGCGGTACAT,Missense,Inter1,A368T,0.168603149,unchanged,,
DNMT3A2_624,AGCCAGATGCCAGCACAACC,Non-exon,Intron,None,0.168520054,unchanged,,
DNMT3A2_211,GTTCTGCACCTCCACGGCCT,Silent,Inter1,None,0.167820142,unchanged,,
DNMT3A2_185,CCCTGCTGGGAGCTCGGAGG,Non-exon,Intron,None,0.16707916,unchanged,,
DNMT3A2_659,CATACCTCTGAATGATCAAT,Essential,Control,None,0.165492174,unchanged,,
DNMT3A2_104,CCGTGGCCAGCTCTTTCCGG,Non-exon,Intron,None,0.164791231,unchanged,,
DNMT3A2_538,TTTGAGAATGTGGTGGCCAT,No_C/Exon,MTase,None,0.164649269,unchanged,,
DNMT3A2_166,AGCTTCTCAACACACACCTG,Missense,PWWP,E342K,0.164063765,unchanged,,
DNMT3A2_062,GCCCGGGGAGTCTCAGAAGG,Silent,Nterm,None,0.163855143,unchanged,,
DNMT3A2_394,TGCTGCGGCGGCGAGAGGAC,Missense,ADD,R596W,0.163401189,unchanged,,
DNMT3A2_655,GCGTGTGTGTAAGGGACATG,No_C/Exon,MTase,None,0.161198507,unchanged,,
DNMT3A2_705,TGGTCCATTCCATTGCGACT,Intergenic,Control,None,0.160015057,unchanged,,
DNMT3A2_293,AGTTTGTTGCCTGGGAACTC,No_C/Non-exon,Intron,None,0.158871203,unchanged,,
DNMT3A2_376,GGCTGCCCAGGCAGCCATTA,Nonsense,ADD,"A572V, Q573*",0.158118892,unchanged,,
DNMT3A2_603,AGAACCTCTGCTGGGGGGCA,Non-exon,Intron,None,0.157843065,unchanged,,
DNMT3A2_602,TAGAACCTCTGCTGGGGGGC,Non-exon,Intron,None,0.1572926,unchanged,,
DNMT3A2_514,TGCGGAAGCACCAGCTGAGA,No_C/Non-exon,Intron,None,0.156973691,unchanged,,
DNMT3A2_218,CCCCAGGGCCCATTCAATCA,Silent,Inter1,None,0.154680602,unchanged,,
DNMT3A2_641,GCAGTCTCTGCCTCGCCAAG,Missense,MTase,R887K,0.153900415,unchanged,,
DNMT3A2_143,AAGGCACCCGCTGGGTCATG,Missense,PWWP,T325I,0.153791448,unchanged,,
DNMT3A2_698,AAGCGGTTGTACGACGCACG,Non-targeting,Control,None,0.153303626,unchanged,,
DNMT3A2_246,GGATTCTTCTCTTCTGGAGG,Silent,Inter1,None,0.152091896,unchanged,,
DNMT3A2_116,ACGGCCGGGGCTTTGGCATT,Missense,Nterm,R288W,0.152016509,unchanged,,
DNMT3A2_092,GACAAGAATGCCACCAAAGC,No_C/Exon,Nterm,None,0.149686114,unchanged,,
DNMT3A2_505,CCTGCTCGCAAGGGCCTCTA,Missense,MTase,"A719V, R720C",0.147060866,unchanged,,
DNMT3A2_544,TATAGCCAGCAACCTTGGTT,Non-exon,Intron,None,0.145929341,unchanged,,
DNMT3A2_528,CATGATGCGCGGCCCAAGGA,Missense,MTase,A741V,0.14563447,unchanged,,
DNMT3A2_628,GGAGAAAAGGCAGAGAGGGC,No_C/Non-exon,Intron,None,0.143747891,unchanged,,
DNMT3A2_492,GCCCATTCGATCTGGTGATT,Missense,MTase,P700L,0.142697458,unchanged,,
DNMT3A2_055,AATGCTGTGGAAGAAAACCA,Missense,Nterm,A226V,0.142363532,unchanged,,
DNMT3A2_720,TCGTAGTGTATTACGATGCT,Intergenic,Control,None,0.141977328,unchanged,,
DNMT3A2_200,CAGGTGGCCAGCAGCCGCGC,Missense,Inter1,A376V,0.140958258,unchanged,,
DNMT3A2_493,CCCCAATCACCAGATCGAAT,Missense,MTase,G706R,0.140087524,unchanged,,
DNMT3A2_112,TTGGGGCTCCAGGACGGCCG,Non-exon,Intron,None,0.139516608,unchanged,,
DNMT3A2_221,ATGATTGAATGGGCCCTGGG,No_C/Exon,Inter1,None,0.139383663,unchanged,,
DNMT3A2_003,GGGGCTGCACCTGGCCTTAT,Non-exon,5'-UTR,None,0.137173747,unchanged,,
DNMT3A2_680,TGTCGCGTTCGCGATTTGCG,Non-targeting,Control,None,0.135324045,unchanged,,
DNMT3A2_724,TAGGCAAAATGACGCTCACT,Intergenic,Control,None,0.1350803,unchanged,,
DNMT3A2_660,CACTCACTGTTGCACTCTGC,Essential,Control,None,0.134041005,unchanged,,
DNMT3A2_617,CATCTTATGGTGCACTGAAA,Silent,MTase,None,0.132447198,unchanged,,
DNMT3A2_180,CTGCAGGTGAGTGTCCCTGC,Nonsense,Inter1,Q374*,0.132408343,unchanged,,
DNMT3A2_674,TGGTACATACCGCTCGCGTA,Non-targeting,Control,None,0.131856094,unchanged,,
DNMT3A2_570,ACAGGTTGGTGAAAGCTCCT,No_C/Exon,MTase,None,0.131547058,unchanged,,
DNMT3A2_418,TCTTCTCAGCTGGGACAGGT,Missense,Inter2,E629K,0.129979581,unchanged,,
DNMT3A2_282,TACACCAGCCGCTCTGCAAG,Missense,Inter1,V480M,0.1296696,unchanged,,
DNMT3A2_689,CTCCGAACCGCGTACGTCGT,Non-targeting,Control,None,0.129442527,unchanged,,
DNMT3A2_126,CTGGTGTGGGGGAAACTGCG,No_C/Exon,PWWP,None,0.127639386,unchanged,,
DNMT3A2_379,CAGCCATTAAGGAAGACCCC,Missense,ADD,A575V,0.127162382,unchanged,,
DNMT3A2_049,CCTTGGCTTTCTTCTCAGCC,Missense,Nterm,A218T,0.126433143,unchanged,,
DNMT3A2_506,CTCGCAAGGGCCTCTACGGT,Silent,MTase,None,0.12640662,unchanged,,
DNMT3A2_405,GCCCAGCACTCACAAATTCC,Non-exon,Intron,None,0.126010978,unchanged,,
DNMT3A2_393,CGGGCTGCTGCGGCGGCGAG,Silent,ADD,None,0.125323932,unchanged,,
DNMT3A2_440,CTGGCCGCCTTGTCCCAGGA,Non-exon,Intron,None,0.124720746,unchanged,,
DNMT3A2_194,CACCTGGAGGGTGACACGCC,Splice,Splice,None,0.124486509,unchanged,,
DNMT3A2_057,GTGGAAGAAAACCAGGGGCC,No_C/Exon,Nterm,None,0.12441405,unchanged,,
DNMT3A2_620,ACTGAAATGGAAAGGTACCC,No_C/Exon,MTase,None,0.12185282,unchanged,,
DNMT3A2_358,GGCCCAGCTAAGGAGACCAC,Non-exon,Intron,None,0.119939624,unchanged,,
DNMT3A2_053,CATTGCAGGAATGAATGCTG,Missense,Nterm,A222V,0.11717424,unchanged,,
DNMT3A2_371,TGGACCTCTTGGTGGGGCCG,Missense,ADD,L565F,0.115934682,unchanged,,
DNMT3A2_590,GAATGATAAGCTGGAGCTGC,No_C/Exon,MTase,None,0.11591837,unchanged,,
DNMT3A2_007,CGTCCAGGAACCTACCCATA,Non-exon,Intron,None,0.114315055,unchanged,,
DNMT3A2_184,CCTCCTCCGAGCTCCCAGCA,Non-exon,Intron,None,0.114115886,unchanged,,
DNMT3A2_392,TCGCCGCCGCAGCAGCCCGT,Missense,ADD,"R596Q, R597Q",0.114015422,unchanged,,
DNMT3A2_411,GGCGCGGTCTCGAGCTCCCT,Non-exon,Intron,None,0.112101764,unchanged,,
DNMT3A2_348,CATCTGCTGTGGGGGCCGTG,Silent,ADD,None,0.111915502,unchanged,,
DNMT3A2_362,TGCTCACTGGGTCTCCTTCC,Non-exon,Intron,None,0.11113091,unchanged,,
DNMT3A2_551,ACAGGGTTGGACTACAAAAC,No_C/Exon,MTase,None,0.110115452,unchanged,,
DNMT3A2_702,CCGTGTGGGTATATGACTCG,Intergenic,Control,None,0.109233357,unchanged,,
DNMT3A2_054,GAATGCTGTGGAAGAAAACC,Missense,Nterm,A226V,0.106150068,unchanged,,
DNMT3A2_102,GCCGTGGCCAGCTCTTTCCG,Non-exon,Intron,None,0.105729235,unchanged,,
DNMT3A2_242,TTCTGGGACCCCTGCCCGCC,No_C/Non-exon,Intron,None,0.103712023,unchanged,,
DNMT3A2_354,GAGGCTGTTGTGGCCTCCAG,Non-exon,Intron,None,0.103410946,unchanged,,
DNMT3A2_713,CCGGCTCCCATGCGGCAACC,Intergenic,Control,None,0.101983271,unchanged,,
DNMT3A2_648,TCAGCGGAGCGAAGAGGTGG,Silent,MTase,None,0.101756344,unchanged,,
DNMT3A2_435,GTGAGGGGTGCAGGCCCAAG,No_C/Non-exon,Intron,None,0.101298775,unchanged,,
DNMT3A2_436,GGTGCAGGCCCAAGAGGTGC,Non-exon,Intron,None,0.098748711,unchanged,,
DNMT3A2_212,GGGCTTGTTCTGCACCTCCA,Silent,Inter1,None,0.098722138,unchanged,,
DNMT3A2_687,GGATACCGTACACGCGGTAT,Non-targeting,Control,None,0.098277797,unchanged,,
DNMT3A2_430,CTCTTTGATGGAATCGCTAC,No_C/Exon,MTase,None,0.098232694,unchanged,,
DNMT3A2_719,CTGCCTGCCCTAACGTTGGA,Intergenic,Control,None,0.097296734,unchanged,,
DNMT3A2_101,AGCCGTGGCCAGCTCTTTCC,Non-exon,Intron,None,0.097109119,unchanged,,
DNMT3A2_158,TTTGGCAGTAGCCTGGGGTG,Non-exon,Intron,None,0.09600984,unchanged,,
DNMT3A2_646,TGACTGGCACGCTCCATGAC,Missense,MTase,V897I,0.095265697,unchanged,,
DNMT3A2_030,CTTTGTAGGGATCCTGGAGC,No_C/Non-exon,Intron,None,0.094694601,unchanged,,
DNMT3A2_673,TTGAGTGCGTCGCGGCGTAA,Non-targeting,Control,None,0.094530801,unchanged,,
DNMT3A2_445,TGCTGTCTGCTGGCTGGTGC,Non-exon,Intron,None,0.093480676,unchanged,,
DNMT3A2_626,GCTGGCATCTGGCTGCGGTG,Non-exon,Intron,None,0.093331142,unchanged,,
DNMT3A2_117,CGGCCGGGGCTTTGGCATTG,Missense,Nterm,R288W,0.092985962,unchanged,,
DNMT3A2_484,ATCCTCCCAGATCCAGGAGT,Non-exon,Intron,None,0.092656955,unchanged,,
DNMT3A2_163,CACACCTGGGGGGACAAGCC,Splice,Splice,V339M,0.092551824,unchanged,,
DNMT3A2_195,CTGGCGTGTCACCCTCCAGG,Non-exon,Intron,None,0.091892941,unchanged,,
DNMT3A2_465,GGTGGGCATGGTGCGGCACC,Silent,MTase,None,0.091787091,unchanged,,
DNMT3A2_119,GGGCTTTGGCATTGGGGAGC,Silent,Nterm,None,0.091255741,unchanged,,
DNMT3A2_023,CGGGGAGACCGGGGGCGGGG,No_C/Non-exon,Intron,None,0.090957816,unchanged,,
DNMT3A2_410,GGAGCTCGAGACCGCGCCCC,Non-exon,Intron,None,0.090856265,unchanged,,
DNMT3A2_531,GAGATGATCGCCCCTTCTTC,No_C/Exon,MTase,None,0.090033205,unchanged,,
DNMT3A2_681,CCCTGCGTCGACCGTAACGC,Non-targeting,Control,None,0.089861052,unchanged,,
DNMT3A2_153,TGTGGGGTTTGGCAGTAGCC,No_C/Non-exon,Intron,None,0.089787622,unchanged,,
DNMT3A2_574,GTGAAAGCTCCTGGGCCTGG,Non-exon,Intron,None,0.088715821,unchanged,,
DNMT3A2_473,AAGCATGTATGTCCATGCTG,Missense,MTase,H694Y,0.088147734,unchanged,,
DNMT3A2_540,CCATGGGCGTTAGTGACAAG,Silent,MTase,None,0.088074535,unchanged,,
DNMT3A2_441,TGGCCGCCTTGTCCCAGGAT,Non-exon,Intron,None,0.086750185,unchanged,,
DNMT3A2_661,AACTCACCCCAAAGTCCTGA,Essential,Control,None,0.086116772,unchanged,,
DNMT3A2_074,TAGCCACAGTGGGGGATGCG,Missense,Nterm,"V258I, A259T",0.084360435,unchanged,,
DNMT3A2_374,GGTGGGGCCGGGGGCTGCCC,Missense,ADD,P569S,0.084192246,unchanged,,
DNMT3A2_120,TTGGCATTGGGGAGCTGGTG,Silent,PWWP,None,0.083924424,unchanged,,
DNMT3A2_215,GCCCATGATTGAATGGGCCC,Silent,Inter1,None,0.082416156,unchanged,,
DNMT3A2_020,CCCCGGGGAGACCGGGGGCG,Non-exon,Intron,None,0.082140887,unchanged,,
DNMT3A2_642,CTTGGCGAGGCAGAGACTGC,Missense,MTase,A884V,0.082136857,unchanged,,
DNMT3A2_061,GGGGCCCGGGGAGTCTCAGA,Missense,Nterm,P233F,0.081816027,unchanged,,
DNMT3A2_001,GACTGCAGAGGGGCTGCACC,Non-exon,5'-UTR,None,0.081578839,unchanged,,
DNMT3A2_091,GGCATTCTTGTCCCCAGCAT,Silent,Nterm,None,0.08089325,unchanged,,
DNMT3A2_621,GAAAGGTACCCGGGTTGTGC,No_C/Exon,MTase,None,0.080423225,unchanged,,
DNMT3A2_730,ATGTAGATGGCGCCCCCTTG,Intergenic,Control,None,0.079878678,unchanged,,
DNMT3A2_585,GTGGATGCCAACGGCCTAGG,Missense,MTase,A806T,0.079010908,unchanged,,
DNMT3A2_181,TGCAGGTGAGTGTCCCTGCT,No_C/Exon,Inter1,None,0.0773169,unchanged,,
DNMT3A2_675,TCGTTCCGGTCGTCGACCGT,Non-targeting,Control,None,0.077149788,unchanged,,
DNMT3A2_259,AAAGCCCCGGAAGAGCACAG,Missense,Inter1,"P457F, R458W",0.075390189,unchanged,,
DNMT3A2_127,GGAAACTGCGGGGCTTCTCC,Silent,PWWP,None,0.075233182,unchanged,,
DNMT3A2_498,GACGATGGAGAGGTCATTGC,No_C/Exon,MTase,None,0.074902685,unchanged,,
DNMT3A2_420,CACCTGTCCCAGCTGAGAAG,Missense,Inter2,P625L,0.074669799,unchanged,,
DNMT3A2_360,GGGAGCCTGGGGCCCAGCTA,Non-exon,Intron,None,0.074504291,unchanged,,
DNMT3A2_077,AGGCGTGGTAGCCACAGTGG,Silent,Nterm,None,0.07239958,unchanged,,
DNMT3A2_002,AGGGGCTGCACCTGGCCTTA,Non-exon,5'-UTR,None,0.072048411,unchanged,,
DNMT3A2_512,AGCACCAGCTGAGAAGGTGG,Non-exon,Intron,None,0.071631692,unchanged,,
DNMT3A2_248,TTGTAGGGATTCTTCTCTTC,No_C/Exon,Inter1,None,0.070812048,unchanged,,
DNMT3A2_485,TCCTCCCAGATCCAGGAGTG,Non-exon,Intron,None,0.070782736,unchanged,,
DNMT3A2_345,CTACTGCACCATCTGCTGTG,Silent,ADD,None,0.069829558,unchanged,,
DNMT3A2_327,TCAACGGCACCTCTCCTGGG,Non-exon,Intron,None,0.069546764,unchanged,,
DNMT3A2_099,CGGAAAGAGCTGGCCACGGC,No_C/Non-exon,Intron,None,0.069397162,unchanged,,
DNMT3A2_706,TGGGATGAGGACTATACCTT,Intergenic,Control,None,0.068466459,unchanged,,
DNMT3A2_011,GGTTCCTGGACGGAGCCCCG,Non-exon,Intron,None,0.067339467,unchanged,,
DNMT3A2_314,CAACGAAGAGGGGGTGTTCC,Missense,ADD,V510I,0.066226861,unchanged,,
DNMT3A2_667,TCATTACCTGGTTGTCAAGC,Essential,Control,None,0.066136015,unchanged,,
DNMT3A2_071,GTGGGGGATGCGGGGTCAGT,No_C/Exon,Nterm,None,0.064919149,unchanged,,
DNMT3A2_483,TATCCTCCCAGATCCAGGAG,Non-exon,Intron,None,0.064396232,unchanged,,
DNMT3A2_295,GAACTCTGGCACTCCTAGTG,Non-exon,Intron,None,0.063565018,unchanged,,
DNMT3A2_203,CCGGGAACAGCTTCCCCGCG,Silent,Inter1,None,0.062160401,unchanged,,
DNMT3A2_230,CTGGTGGCTCCAGGCCCTTA,Silent,Inter1,None,0.060186942,unchanged,,
DNMT3A2_548,GGTAGAAGCCATTAGTGAGC,No_C/Non-exon,Intron,None,0.057053011,unchanged,,
DNMT3A2_501,CATCGTCAACCCTGCTCGCA,Silent,MTase,None,0.056381572,unchanged,,
DNMT3A2_111,CTTGGGGCTCCAGGACGGCC,Non-exon,Intron,None,0.054516996,unchanged,,
DNMT3A2_380,GTTCCAGGGGTCTTCCTTAA,Nonsense,ADD,W581*,0.054313697,unchanged,,
DNMT3A2_580,GTCCCAGCCCACAGCCCCCC,Non-exon,Intron,None,0.05343663,unchanged,,
DNMT3A2_035,TGTGAGAAGGAATGGGCGCG,No_C/Exon,Nterm,None,0.053120259,unchanged,,
DNMT3A2_024,GGAGACCGGGGGCGGGGAGG,Non-exon,Intron,None,0.053027073,unchanged,,
DNMT3A2_094,TGGCTCGTCATCGCCTGCTT,Missense,Nterm,E281K,0.052642361,unchanged,,
DNMT3A2_254,AGTGTACACGGACATGTGGG,Silent,Inter1,None,0.051041524,unchanged,,
DNMT3A2_391,GTACCTACGGGCTGCTGCGG,Missense,ADD,T591I,0.051031901,unchanged,,
DNMT3A2_130,CACAATGCGGCCTGGCCACC,Missense,PWWP,R309H,0.051002436,unchanged,,
DNMT3A2_545,GCTGGCCAAACCAAGGTTGC,Non-exon,Intron,None,0.050699351,unchanged,,
DNMT3A2_470,AGGGGAAGATCATGTACGTC,No_C/Exon,MTase,None,0.050582728,unchanged,,
DNMT3A2_196,GCGGCTGCTGGCCACCTGGA,Missense,Inter1,"S377N, S378N",0.050004884,unchanged,,
DNMT3A2_105,GGAAGGCCCCCGGAAAGAGC,Non-exon,Intron,None,0.049789759,unchanged,,
DNMT3A2_525,CCTTGGGCCGCGCATCATGC,Silent,MTase,None,0.049582806,unchanged,,
DNMT3A2_220,CATGATTGAATGGGCCCTGG,No_C/Exon,Inter1,None,0.048837598,unchanged,,
DNMT3A2_183,TGTCCCTGCTGGGAGCTCGG,Non-exon,Intron,None,0.048534315,unchanged,,
DNMT3A2_076,GGTAGCCACAGTGGGGGATG,Missense,Nterm,A259T,0.047827509,unchanged,,
DNMT3A2_554,TCTTTGGCATCAATCATCAC,Missense,MTase,A782T,0.047381619,unchanged,,
DNMT3A2_622,ACCCGGGTTGTGCTGGCATC,Non-exon,Intron,None,0.046968777,unchanged,,
DNMT3A2_375,ATGGCTGCCTGGGCAGCCCC,Missense,ADD,"A574T, A575T",0.045626044,unchanged,,
DNMT3A2_106,GTAATGATTTCTGCTCCTTG,No_C/Non-exon,Intron,None,0.045092341,unchanged,,
DNMT3A2_190,GAGGGTGACACGCCAGGGTT,No_C/Non-exon,Intron,None,0.044763624,unchanged,,
DNMT3A2_616,ATGAGAAAGAGGACATCTTA,No_C/Exon,MTase,None,0.044696708,unchanged,,
DNMT3A2_059,GGAAGAAAACCAGGGGCCCG,No_C/Exon,Nterm,None,0.044467143,unchanged,,
DNMT3A2_721,TGGCTAGACTATACGTTGTG,Intergenic,Control,None,0.044166208,unchanged,,
DNMT3A2_187,GAGGAGGAGCCTAGAGCACT,No_C/Non-exon,Intron,None,0.043904022,unchanged,,
DNMT3A2_298,GGCACTCCTAGTGTGGCATG,Non-exon,Intron,None,0.043898875,unchanged,,
DNMT3A2_608,AAGTGAGGACCATTACTACG,No_C/Exon,MTase,None,0.043403817,unchanged,,
DNMT3A2_159,TTGGCAGTAGCCTGGGGTGG,Non-exon,Intron,None,0.042224096,unchanged,,
DNMT3A2_607,TCATCTAGTTCAGCAAAGTG,Non-exon,Intron,None,0.042141313,unchanged,,
DNMT3A2_468,CGACGTACATGATCTTCCCC,Missense,MTase,"M682I, V684I",0.04209297,unchanged,,
DNMT3A2_403,GACCAGGAATTTGTGAGTGC,Nonsense,Inter2,Q615*,0.042029633,unchanged,,
DNMT3A2_114,TGCCAAAGCCCCGGCCGTCC,Missense,Nterm,G291S,0.041246438,unchanged,,
DNMT3A2_516,TTCTCTTCCGACCTCTCAGA,Non-exon,Intron,None,0.040593427,unchanged,,
DNMT3A2_087,AGCCCGTGGGGTCCGATGCT,Missense,Nterm,P264L,0.038801897,unchanged,,
DNMT3A2_676,CCCGCCGATTAACGCGACTA,Non-targeting,Control,None,0.038079054,unchanged,,
DNMT3A2_549,CTCACTAATGGCTTCTACCT,Non-exon,Intron,None,0.037356138,unchanged,,
DNMT3A2_613,TCATGAAGACAGGAAAATGC,No_C/Exon,MTase,None,0.037078715,unchanged,,
DNMT3A2_138,GGCCGGAGCCGAGCAGCTGA,Missense,PWWP,R318W,0.036358545,unchanged,,
DNMT3A2_459,GGTGTGTGAGGACTCCATCA,No_C/Exon,MTase,None,0.035760642,unchanged,,
DNMT3A2_325,GGAGCACACCCACCCAGGAG,Non-exon,Intron,None,0.035672946,unchanged,,
DNMT3A2_096,GAGCCAGAGTACGAGGTGAG,Missense,Nterm,P282L,0.035576295,unchanged,,
DNMT3A2_238,AATGAGGGCACCCAGCTTTC,No_C/Non-exon,Intron,None,0.033977432,unchanged,,
DNMT3A2_197,CGCGGCTGCTGGCCACCTGG,Missense,Inter1,S378N,0.03356908,unchanged,,
DNMT3A2_543,CGAGGTATAGCCAGCAACCT,No_C/Exon,MTase,None,0.033453037,unchanged,,
DNMT3A2_446,GCTGTCTGCTGGCTGGTGCA,Non-exon,Intron,None,0.033130538,unchanged,,
DNMT3A2_682,CCCTAGATATCGTTCGCGAC,Non-targeting,Control,None,0.032555224,unchanged,,
DNMT3A2_527,GCATGATGCGCGGCCCAAGG,No_C/Exon,MTase,None,0.031649657,unchanged,,
DNMT3A2_586,ACAGTGGATGCCAACGGCCT,No_C/Exon,MTase,None,0.031435981,unchanged,,
DNMT3A2_239,ATGAGGGCACCCAGCTTTCT,Non-exon,Intron,None,0.030960713,unchanged,,
DNMT3A2_423,ATGGGCTTCCTCTTCTCAGC,Silent,Inter2,None,0.030728321,unchanged,,
DNMT3A2_265,TCAATAATCTCCTTGACCTT,No_C/Exon,Inter1,None,0.02980771,unchanged,,
DNMT3A2_308,CCAGACATCTGCATCTCCTG,Silent,ADD,None,0.029646453,unchanged,,
DNMT3A2_129,CGGGGCTTCTCCTGGTGGCC,Silent,PWWP,None,0.028634612,unchanged,,
DNMT3A2_351,GCGGAAACAACAACTGCTGC,Silent,ADD,None,0.028143605,unchanged,,
DNMT3A2_685,CGCCGGTTCGCGCGGATATA,Non-targeting,Control,None,0.028086364,unchanged,,
DNMT3A2_162,AAGGCCTGGCTTGTCCCCCC,Non-exon,Intron,None,0.028059227,unchanged,,
DNMT3A2_431,TGATGGAATCGCTACAGGTG,No_C/Exon,MTase,None,0.026273952,unchanged,,
DNMT3A2_387,TGCTACATGTGCGGGCACAA,Silent,ADD,None,0.024253327,unchanged,,
DNMT3A2_710,GGTGCTGTTAATTTCCGTTG,Intergenic,Control,None,0.023923607,unchanged,,
DNMT3A2_697,ATCAACGCGGCGGACGGATT,Non-targeting,Control,None,0.023347732,unchanged,,
DNMT3A2_182,GAGTGTCCCTGCTGGGAGCT,Non-exon,Intron,None,0.023238304,unchanged,,
DNMT3A2_276,CACCAGGAGGCCTGCATCCG,Non-exon,Intron,None,0.022994536,unchanged,,
DNMT3A2_198,CCGCGCGGCTGCTGGCCACC,Missense,Inter1,"R379H, A380T",0.021239872,unchanged,,
DNMT3A2_177,AGCCATCTACGAGGTCCTGC,Silent,Inter1,None,0.021237506,unchanged,,
DNMT3A2_321,AGGAATGTGCCAAAACTGCA,No_C/Exon,ADD,None,0.020764065,unchanged,,
DNMT3A2_072,AGTGGGGGATGCGGGGTCAG,No_C/Exon,Nterm,None,0.020302788,unchanged,,
DNMT3A2_170,GCTTGTTGTACGTGGCCTGG,No_C/Exon,Inter1,None,0.019889049,unchanged,,
DNMT3A2_292,TGAGGGTAAGTTTGTTGCCT,No_C/Exon,ADD,None,0.019154695,unchanged,,
DNMT3A2_275,CTGGAGAGGGTGGCACCAGG,No_C/Non-exon,Intron,None,0.018177005,unchanged,,
DNMT3A2_397,GAAGAACATCTGGAGCCGGG,Missense,ADD,M607I,0.018172982,unchanged,,
DNMT3A2_332,TGCCGTTGAGGCCGGCCCTT,Non-exon,Intron,None,0.017926382,unchanged,,
DNMT3A2_722,CAAGTCTACGCAGCCGTAAG,Intergenic,Control,None,0.0176158,unchanged,,
DNMT3A2_100,CAGCCGTGGCCAGCTCTTTC,Non-exon,Intron,None,0.017488405,unchanged,,
DNMT3A2_370,GTGGACCTCTTGGTGGGGCC,Missense,ADD,L565F,0.016254527,unchanged,,
DNMT3A2_406,GAATTTGTGAGTGCTGGGCC,No_C/Exon,Inter2,None,0.015811229,unchanged,,
DNMT3A2_204,CCGCGCGGGGAAGCTGTTCC,Missense,Inter1,A380V,0.0155573,unchanged,,
DNMT3A2_328,ACCCAGGAGAGGTGCCGTTG,Non-exon,Intron,None,0.013806407,unchanged,,
DNMT3A2_571,TTGGTGAAAGCTCCTGGGCC,No_C/Non-exon,Intron,None,0.013616963,unchanged,,
DNMT3A2_581,GGGCTGTGGGCTGGGACTGC,Non-exon,Intron,None,0.013134698,unchanged,,
DNMT3A2_425,TGAGAAGAGGAAGCCCATCC,No_C/Exon,Inter2,None,0.013045694,unchanged,,
DNMT3A2_415,CAGGTGGGTAAACCTTTGGA,No_C/Exon,Inter2,None,0.01272045,unchanged,,
DNMT3A2_199,CCAGGTGGCCAGCAGCCGCG,No_C/Exon,Inter1,None,0.012353625,unchanged,,
DNMT3A2_579,GGCCTGGGGGGCTGTGGGCT,Non-exon,Intron,None,0.012272652,unchanged,,
DNMT3A2_090,GTCCCCAGCATCGGACCCCA,Missense,Nterm,G270K,0.011668423,unchanged,,
DNMT3A2_108,TGCTCCTTGGGGCTCCAGGA,Non-exon,Intron,None,0.011489358,unchanged,,
DNMT3A2_471,GGGGAAGATCATGTACGTCG,No_C/Exon,MTase,None,0.011483388,unchanged,,
DNMT3A2_042,AAGGATGGAGGCTGTGCAAT,No_C/Non-exon,Intron,None,0.009744247,unchanged,,
DNMT3A2_241,GGGCAGGGGTCCCAGAAAGC,Non-exon,Intron,None,0.009647972,unchanged,,
DNMT3A2_144,ACCCGCTGGGTCATGTGGTT,Missense,PWWP,R326C,0.008722612,unchanged,,
DNMT3A2_069,GTGGGCTGCTGCACAGCAGG,Silent,Nterm,None,0.008180555,unchanged,,
DNMT3A2_347,CTCACGGCCCCCACAGCAGA,Missense,ADD,"G543D, R544H",0.008112438,unchanged,,
DNMT3A2_331,AGGAGAGGTGCCGTTGAGGC,No_C/Non-exon,Intron,None,0.007804852,unchanged,,
DNMT3A2_578,GGGCCTGGGGGGCTGTGGGC,Non-exon,Intron,None,0.006805498,unchanged,,
DNMT3A2_693,TGCCGCACCTCGATCGAACG,Non-targeting,Control,None,0.006768635,unchanged,,
DNMT3A2_222,AGAAGGCTGGAAGCCCCCCA,Silent,Inter1,None,0.005528464,unchanged,,
DNMT3A2_356,CCTCCAGTGGTCTCCTTAGC,Non-exon,Intron,None,0.004913682,unchanged,,
DNMT3A2_510,CACCAGCTGAGAAGGTGGAG,Non-exon,Intron,None,0.004547009,unchanged,,
DNMT3A2_553,CTTTGGCATCAATCATCACA,Missense,MTase,A782T,0.004308307,unchanged,,
DNMT3A2_404,ACCAGGAATTTGTGAGTGCT,No_C/Exon,Inter2,None,0.003687818,unchanged,,
DNMT3A2_686,AGGGACGCATCGTTCGTCGA,Non-targeting,Control,None,0.002800831,unchanged,,
DNMT3A2_645,AGAGACTGCTGGGCCGGTCA,Silent,MTase,None,6.53E-05,unchanged,,
DNMT3A2_478,AGTGTGCAGGGAGGGGAAGA,Non-exon,Intron,None,-0.000328533,unchanged,,
DNMT3A2_717,CCCGGCGTACAGCCTATCCG,Intergenic,Control,None,-0.00049007,unchanged,,
DNMT3A2_216,CCCAGGGCCCATTCAATCAT,Missense,Inter1,A410T,-0.000861542,unchanged,,
DNMT3A2_285,TGCAGAGCGGCTGGTGTACG,Missense,Inter1,R478W,-0.000904292,unchanged,,
DNMT3A2_326,CAACGGCACCTCTCCTGGGT,Non-exon,Intron,None,-0.002730212,unchanged,,
DNMT3A2_419,CTCTTCTCAGCTGGGACAGG,Missense,Inter2,E629K,-0.00281197,unchanged,,
DNMT3A2_647,GCGAAGAGGTGGCGGATGAC,No_C/Exon,MTase,None,-0.003614333,unchanged,,
DNMT3A2_029,CCTTTGTAGGGATCCTGGAG,No_C/Non-exon,Intron,None,-0.004217992,unchanged,,
DNMT3A2_694,CCAATACGGCGTGCCGCGTT,Non-targeting,Control,None,-0.004322409,unchanged,,
DNMT3A2_095,CGATGACGAGCCAGAGTACG,Silent,Nterm,None,-0.005108356,unchanged,,
DNMT3A2_683,CTGGCACGATTGAACGCGGT,Non-targeting,Control,None,-0.005789883,unchanged,,
DNMT3A2_389,GCGGGCACAAGGGTACCTAC,Missense,ADD,H588Y,-0.007361762,unchanged,,
DNMT3A2_160,CAGTAGCCTGGGGTGGGGGA,Non-exon,Intron,None,-0.00820941,unchanged,,
DNMT3A2_226,TTCCAGCCTTCTGGCCCTAA,Nonsense,Inter1,"Q415*, P416F",-0.00903188,unchanged,,
DNMT3A2_517,TCCGACCTCTCAGAGGGCAC,Non-exon,Intron,None,-0.00912918,unchanged,,
DNMT3A2_454,GGTGGACCGCTACATTGCCT,Missense,MTase,R659C,-0.009280351,unchanged,,
DNMT3A2_192,ACCCTGGCGTGTCACCCTCC,Non-exon,Intron,None,-0.010189464,unchanged,,
DNMT3A2_386,CTGCTACATGTGCGGGCACA,Silent,ADD,None,-0.011731165,unchanged,,
DNMT3A2_256,GGTGCGTAGGCAGCTGCCTC,Missense,Inter1,A449T,-0.012536827,unchanged,,
DNMT3A2_219,CCATGATTGAATGGGCCCTG,No_C/Exon,Inter1,None,-0.012611326,unchanged,,
DNMT3A2_165,GCTTCTCAACACACACCTGG,Missense,PWWP,E342K,-0.012829277,unchanged,No,sgE342.3 in paper
DNMT3A2_412,GAGCTCCCTTGGCTGAGCCT,Non-exon,Intron,None,-0.013235653,unchanged,,
DNMT3A2_515,TTTCTCTTCCGACCTCTCAG,Non-exon,Intron,None,-0.014747275,unchanged,,
DNMT3A2_671,CGGTCGCCCAATGCGCGATC,Non-targeting,Control,None,-0.015148206,unchanged,,
DNMT3A2_079,TCAGGCGTGGTAGCCACAGT,Silent,Nterm,None,-0.016242808,unchanged,,
DNMT3A2_583,CAGTCTCTCTTCTGCCTCCT,Non-exon,Intron,None,-0.01655371,unchanged,,
DNMT3A2_202,CAGCTTCCCCGCGCGGCTGC,Missense,Inter1,G381E,-0.017624432,unchanged,,
DNMT3A2_085,GCATCGGACCCCACGGGCTC,Missense,Nterm,D268N,-0.01770729,unchanged,,
DNMT3A2_712,CCAGGGACAGGACTTACGGT,Intergenic,Control,None,-0.01795992,unchanged,,
DNMT3A2_691,TCAGGACCGAATCGCGATAC,Non-targeting,Control,None,-0.018153149,unchanged,,
DNMT3A2_373,CAGCCCCCGGCCCCACCAAG,Missense,ADD,"G570K, A571T",-0.018535348,unchanged,,
DNMT3A2_268,ATGAGCGCACAAGAGGTAGT,Missense,Inter1,R474C,-0.018573986,unchanged,,
DNMT3A2_205,CATCGCTGTCGTGGCACACC,Missense,Inter1,"S390N, D391N",-0.018652963,unchanged,,
DNMT3A2_333,GGCCGAAGGGCCGGCCTCAA,Non-exon,Intron,None,-0.018752371,unchanged,,
DNMT3A2_507,CAGGATGGTACCTACCGTAG,No_C/Non-exon,Intron,None,-0.019442233,unchanged,,
DNMT3A2_407,AATTTGTGAGTGCTGGGCCT,No_C/Exon,Inter2,None,-0.020357554,unchanged,,
DNMT3A2_060,TCTGAGACTCCCCGGGCCCC,Silent,Nterm,None,-0.021330186,unchanged,,
DNMT3A2_089,TCCCCAGCATCGGACCCCAC,Missense,Nterm,"A269T, G270K",-0.021409266,unchanged,,
DNMT3A2_396,AAGAACATCTGGAGCCGGGA,Missense,ADD,M607I,-0.021846694,unchanged,,
DNMT3A2_290,CAAACTTACCCTCAATGTTC,Non-exon,Intron,None,-0.021873029,unchanged,,
DNMT3A2_038,GACGAGTGTGATACGGTGAA,No_C/Exon,Nterm,None,-0.023198927,unchanged,,
DNMT3A2_179,CAGCAGGGACACTCACCTGC,Non-exon,Intron,None,-0.023363694,unchanged,,
DNMT3A2_597,CCAGCGTCTAGAACCTCTGC,Non-exon,Intron,None,-0.024668899,unchanged,,
DNMT3A2_084,GGACCCCACGGGCTCAGGCG,Missense,Nterm,G266K,-0.024714875,unchanged,,
DNMT3A2_227,GGCCCTTAGGGCCAGAAGGC,Missense,Inter1,G421S,-0.026687414,unchanged,,
DNMT3A2_016,CGGAGCCCCGGGGAGACCGG,Non-exon,Intron,None,-0.026968333,unchanged,,
DNMT3A2_476,ACGGGCTGCGCCCCACAGCA,Non-exon,Intron,None,-0.028557767,unchanged,,
DNMT3A2_025,AGGATTTCATTCTCCTTTGT,Non-exon,Intron,None,-0.028810211,unchanged,,
DNMT3A2_416,ACAGGTGGGTAAACCTTTGG,No_C/Exon,Inter2,None,-0.028825174,unchanged,,
DNMT3A2_161,CAAGAACCTTCCCCCACCCC,Non-exon,Intron,None,-0.029532334,unchanged,,
DNMT3A2_481,GCCTTTATCCTCCCAGATCC,No_C/Non-exon,Intron,None,-0.030064392,unchanged,,
DNMT3A2_056,ATGCTGTGGAAGAAAACCAG,Missense,Nterm,A226V,-0.031093832,unchanged,,
DNMT3A2_098,AGCGGCTTCTTCACCAGCCG,Non-exon,Intron,None,-0.031494326,unchanged,,
DNMT3A2_437,CAAGGCGGCCAGCACCTCTT,Non-exon,Intron,None,-0.032331602,unchanged,,
DNMT3A2_589,CTCCAGCTTATCATTCACAG,Silent,MTase,None,-0.032651981,unchanged,,
DNMT3A2_097,AAGCCGCTCACCTCGTACTC,Non-exon,Intron,None,-0.032750212,unchanged,,
DNMT3A2_352,AACAACAACTGCTGCAGGTG,Silent,ADD,None,-0.034028302,unchanged,,
DNMT3A2_257,GGCTGGTGGAGGTGGTGCGT,No_C/Exon,Inter1,None,-0.034701271,unchanged,,
DNMT3A2_601,CGTCTAGAACCTCTGCTGGG,Non-exon,Intron,None,-0.035430052,unchanged,,
DNMT3A2_315,CTGGAACACCCCCTCTTCGT,Missense,ADD,H506Y,-0.036314828,unchanged,,
DNMT3A2_443,GCCGCCTTGTCCCAGGATGG,Non-exon,Intron,None,-0.036848676,unchanged,,
DNMT3A2_359,GGTCTCCTTAGCTGGGCCCC,Non-exon,Intron,None,-0.037223224,unchanged,,
DNMT3A2_637,TGTTGGAGACGTCAGTATAG,No_C/Exon,MTase,None,-0.037581995,unchanged,,
DNMT3A2_088,GCCCGTGGGGTCCGATGCTG,Silent,Nterm,None,-0.037970367,unchanged,,
DNMT3A2_123,GCATTGGGGAGCTGGTGTGG,No_C/Exon,PWWP,None,-0.038027025,unchanged,,
DNMT3A2_643,TTGGCGAGGCAGAGACTGCT,Missense,MTase,A884V,-0.038073379,unchanged,,
DNMT3A2_223,CAGAAGGCTGGAAGCCCCCC,Silent,Inter1,None,-0.038213692,unchanged,,
DNMT3A2_017,AGCCCCGGGGAGACCGGGGG,Non-exon,Intron,None,-0.038845061,unchanged,,
DNMT3A2_280,TCCTCCCCTTGCAGAGCGGC,Non-exon,Intron,None,-0.039772162,unchanged,,
DNMT3A2_279,GCTCTCCTCCCCTTGCAGAG,Non-exon,Intron,None,-0.040916686,unchanged,,
DNMT3A2_067,CTGCTGCACAGCAGGAGGGC,Silent,Nterm,None,-0.041803516,unchanged,,
DNMT3A2_309,CAGACATCTGCATCTCCTGT,Silent,ADD,None,-0.043794398,unchanged,,
DNMT3A2_503,CGTAGAGGCCCTTGCGAGCA,No_C/Exon,MTase,None,-0.04505876,unchanged,,
DNMT3A2_010,AGGTTCCTGGACGGAGCCCC,Non-exon,Intron,None,-0.046167769,unchanged,,
DNMT3A2_365,CGTGGAGTGTGTGGACCTCT,No_C/Exon,ADD,None,-0.046897494,unchanged,,
DNMT3A2_078,CAGGCGTGGTAGCCACAGTG,Silent,Nterm,None,-0.046970489,unchanged,,
DNMT3A2_330,GGCCTCAACGGCACCTCTCC,Non-exon,Intron,None,-0.04710139,unchanged,,
DNMT3A2_015,ACGGAGCCCCGGGGAGACCG,Non-exon,Intron,None,-0.047984779,unchanged,,
DNMT3A2_474,AGCATGTATGTCCATGCTGT,No_C/Exon,MTase,None,-0.048548385,unchanged,,
DNMT3A2_593,AGGAGTGTCTGGAGCATGGC,No_C/Exon,MTase,None,-0.048742526,unchanged,,
DNMT3A2_157,GTTTGGCAGTAGCCTGGGGT,Non-exon,Intron,None,-0.049829765,unchanged,,
DNMT3A2_231,TCTGGTGGCTCCAGGCCCTT,No_C/Exon,Inter1,None,-0.050950657,unchanged,,
DNMT3A2_355,CCAGCTAAGGAGACCACTGG,Non-exon,Intron,None,-0.052162619,unchanged,,
DNMT3A2_640,CCAACATGAGCCGCTTGGCG,Silent,MTase,None,-0.054119497,unchanged,,
DNMT3A2_563,TACTTCTGGGGTAACCTTCC,Silent,MTase,None,-0.054151304,unchanged,,
DNMT3A2_584,TCTTCTGCCTCCTAGGCCGT,Non-exon,Intron,None,-0.054672027,unchanged,,
DNMT3A2_438,ACAAGGCGGCCAGCACCTCT,Non-exon,Intron,None,-0.055113595,unchanged,,
DNMT3A2_006,TGGCCTTATGGGTAGGTTCC,Non-exon,5'-UTR,None,-0.05624855,unchanged,,
DNMT3A2_577,GCCCACAGCCCCCCAGGCCC,Non-exon,Intron,None,-0.056586411,unchanged,,
DNMT3A2_572,TGGTGAAAGCTCCTGGGCCT,No_C/Non-exon,Intron,None,-0.05773827,unchanged,,
DNMT3A2_171,GCTGCTTGTTGTACGTGGCC,Silent,Inter1,None,-0.058013815,unchanged,,
DNMT3A2_630,CAAATACCCTGGGGGAGAAA,Missense,MTase,V867I,-0.059165653,unchanged,,
DNMT3A2_131,GGCCAGGCCGCATTGTGTCT,Missense,PWWP,P307L,-0.059215466,unchanged,,
DNMT3A2_625,GTTGTGCTGGCATCTGGCTG,Non-exon,Intron,None,-0.059635102,unchanged,,
DNMT3A2_041,AAAGGATGGAGGCTGTGCAA,No_C/Non-exon,Intron,None,-0.062563066,unchanged,,
DNMT3A2_048,CTTGGCTTTCTTCTCAGCCT,Missense,Nterm,A218T,-0.06301451,unchanged,,
DNMT3A2_271,AGTTGGCCTGCTTCTGGAGA,Non-exon,Intron,None,-0.064046771,unchanged,,
DNMT3A2_274,CTTCTGGAGAGGGTGGCACC,Non-exon,Intron,None,-0.064532939,unchanged,,
DNMT3A2_409,TGAGTGCTGGGCCTGGGGCG,Non-exon,Intron,None,-0.065283353,unchanged,,
DNMT3A2_113,CTCCAGGACGGCCGGGGCTT,Non-exon,Intron,None,-0.067125907,unchanged,,
DNMT3A2_384,CCCGCACATGTAGCAGTTCC,Missense,ADD,"M585I, C586Y",-0.067538165,unchanged,,
DNMT3A2_591,GCTGGAGCTGCAGGAGTGTC,Silent,MTase,None,-0.067590701,unchanged,,
DNMT3A2_413,ACCTGTTGTGCTCACTGCTT,No_C/Non-exon,Intron,None,-0.068376502,unchanged,,
DNMT3A2_252,AAGAAGTGTACACGGACATG,No_C/Exon,Inter1,None,-0.069818473,unchanged,,
DNMT3A2_050,CCAGGCTGAGAAGAAAGCCA,Missense,Nterm,A214V,-0.070076421,unchanged,,
DNMT3A2_272,TGGCCTGCTTCTGGAGAGGG,Non-exon,Intron,None,-0.074725005,unchanged,,
DNMT3A2_141,GAGCAGCTGAAGGCACCCGC,Missense,PWWP,"A321V, A322V",-0.07492248,unchanged,,
DNMT3A2_395,GGCGAGAGGACTGGCCCTCC,No_C/Exon,ADD,None,-0.074950761,unchanged,,
DNMT3A2_026,GGATTTCATTCTCCTTTGTA,Non-exon,Intron,None,-0.076008672,unchanged,,
DNMT3A2_291,TTGAGGGTAAGTTTGTTGCC,No_C/Exon,ADD,None,-0.076815992,unchanged,,
DNMT3A2_606,CTTTGCTGAACTAGATGAAG,Missense,MTase,S828N,-0.076985893,unchanged,,
DNMT3A2_666,CCTCACCTTTGAAGAGAAAG,Essential,Control,None,-0.078016168,unchanged,,
DNMT3A2_450,CTCCTGGTGCTGAAGGACTT,Silent,MTase,None,-0.078248496,unchanged,,
DNMT3A2_453,GAAGGACTTGGGCATTCAGG,Silent,MTase,None,-0.078538443,unchanged,,
DNMT3A2_700,TCCATACGCGCGACCGGATA,Non-targeting,Control,None,-0.080017651,unchanged,,
DNMT3A2_444,TAACGGTGCTGTCTGCTGGC,Non-exon,Intron,None,-0.080287863,unchanged,,
DNMT3A2_232,AAGGGCCTGGAGCCACCAGA,Silent,Inter1,None,-0.081325487,unchanged,,
DNMT3A2_224,CTGGGGGGCTTCCAGCCTTC,No_C/Exon,Inter1,None,-0.082186392,unchanged,,
DNMT3A2_711,CCATGGTTTAGACACAACGG,Intergenic,Control,None,-0.082435045,unchanged,,
DNMT3A2_014,GACGGAGCCCCGGGGAGACC,Non-exon,Intron,None,-0.083749389,unchanged,,
DNMT3A2_695,CTAATCCGTCGTGTCGGACG,Non-targeting,Control,None,-0.08411444,unchanged,,
DNMT3A2_140,AGCGGGTGCCTTCAGCTGCT,No_C/Exon,PWWP,None,-0.0846667,unchanged,,
DNMT3A2_247,TAGGGATTCTTCTCTTCTGG,No_C/Exon,Inter1,None,-0.085764448,unchanged,,
DNMT3A2_555,GTGTGCAGCTGACACTTCTT,Missense,MTase,A788T,-0.087289954,unchanged,,
DNMT3A2_093,CTCGTCATCGCCTGCTTTGG,Missense,Nterm,D280N,-0.088672287,unchanged,,
DNMT3A2_718,GCCTCGTGGGATGCGTTGTG,Intergenic,Control,None,-0.090728163,unchanged,,
DNMT3A2_596,CCAGCAGAGGTTCTAGACGC,Non-exon,Intron,None,-0.090987804,unchanged,,
DNMT3A2_573,GGTGAAAGCTCCTGGGCCTG,No_C/Non-exon,Intron,None,-0.091324521,unchanged,,
DNMT3A2_449,GCTCCTGGTGCTGAAGGACT,Silent,MTase,None,-0.091547635,unchanged,,
DNMT3A2_729,AGTTGACAGCCTGAACCGGT,Intergenic,Control,None,-0.093082844,unchanged,,
DNMT3A2_068,TGGGCTGCTGCACAGCAGGA,Silent,Nterm,None,-0.0945251,unchanged,,
DNMT3A2_623,GCCAGATGCCAGCACAACCC,No_C/Non-exon,Intron,None,-0.095156401,unchanged,,
DNMT3A2_605,CTAGATGAAGAGGAGAAAAG,No_C/Non-exon,Intron,None,-0.095393674,unchanged,,
DNMT3A2_489,GATCGAATGGGCCCCACTCC,Missense,MTase,D702N,-0.096084936,unchanged,,
DNMT3A2_604,TTCTCCCTGCCCCCCAGCAG,Non-exon,Intron,None,-0.097450392,unchanged,,
DNMT3A2_225,CTTCCAGCCTTCTGGCCCTA,Nonsense,Inter1,"Q415*, P416S",-0.098090491,unchanged,,
DNMT3A2_311,TGGGAGCCTCAATGTTACCC,Missense,ADD,L500F,-0.09827139,unchanged,,
DNMT3A2_122,GGCATTGGGGAGCTGGTGTG,No_C/Exon,PWWP,None,-0.099671294,unchanged,,
DNMT3A2_297,TGGCACTCCTAGTGTGGCAT,Non-exon,Intron,None,-0.103026411,unchanged,,
DNMT3A2_070,TCAGTGGGCTGCTGCACAGC,No_C/Exon,Nterm,None,-0.103784553,unchanged,,
DNMT3A2_408,ATTTGTGAGTGCTGGGCCTG,No_C/Exon,Inter2,None,-0.104367929,unchanged,,
DNMT3A2_447,GCTGGCTGGTGCAGGGCTCC,Non-exon,Intron,None,-0.106456627,unchanged,,
DNMT3A2_086,GAGCCCGTGGGGTCCGATGC,Missense,Nterm,P264F,-0.106591033,unchanged,,
DNMT3A2_349,GGCCGTGAGGTGCTCATGTG,Missense,ADD,R544C,-0.109308317,unchanged,,
DNMT3A2_018,GCCCCGGGGAGACCGGGGGC,Non-exon,Intron,None,-0.110135943,unchanged,,
DNMT3A2_013,GGACGGAGCCCCGGGGAGAC,Non-exon,Intron,None,-0.110476172,unchanged,,
DNMT3A2_513,GGAAGCACCAGCTGAGAAGG,Non-exon,Intron,None,-0.111079818,unchanged,,
DNMT3A2_665,CTTACCTGGCTCTTCTTGGT,Essential,Control,None,-0.111481878,unchanged,,
DNMT3A2_147,TGGGTCATGTGGTTCGGAGA,Silent,PWWP,None,-0.111618123,unchanged,,
DNMT3A2_313,AACGAAGAGGGGGTGTTCCA,No_C/Exon,ADD,None,-0.11224695,unchanged,,
DNMT3A2_004,CTGCACCTGGCCTTATGGGT,Non-exon,5'-UTR,None,-0.113424065,unchanged,,
DNMT3A2_369,TGTGGACCTCTTGGTGGGGC,Missense,ADD,L565F,-0.113881813,unchanged,,
DNMT3A2_217,CCCATGATTGAATGGGCCCT,No_C/Exon,Inter1,None,-0.115986465,unchanged,,
DNMT3A2_080,CTCAGGCGTGGTAGCCACAG,Silent,Nterm,None,-0.116480021,unchanged,,
DNMT3A2_612,CTGGTCTTTGCCCTGCTTTA,Missense,MTase,D845N,-0.118809814,unchanged,,
DNMT3A2_253,AGAAGTGTACACGGACATGT,No_C/Exon,Inter1,None,-0.120667848,unchanged,,
DNMT3A2_576,TCCTGGGCCTGGGGGGCTGT,Non-exon,Intron,None,-0.121557545,unchanged,,
DNMT3A2_699,GAGGGACGTAATCCCGATCG,Non-targeting,Control,None,-0.122282755,unchanged,,
DNMT3A2_270,TAGTTGGCCTGCTTCTGGAG,Non-exon,Intron,None,-0.123825607,unchanged,,
DNMT3A2_236,TGCCCTCATTTACCTTCTGG,Non-exon,Intron,None,-0.125439276,unchanged,,
DNMT3A2_174,GTAGATGGCTTTGCGGTACA,No_C/Exon,Inter1,None,-0.125661976,unchanged,,
DNMT3A2_353,TGCTGCAGGTGAGGCTGTTG,Silent,ADD,None,-0.125784267,unchanged,,
DNMT3A2_251,GTCCGTGTACACTTCTTTGT,Silent,Inter1,None,-0.128054969,unchanged,,
DNMT3A2_496,CCATTCGATCTGGTGATTGG,Silent,MTase,None,-0.128296315,unchanged,,
DNMT3A2_499,GAGCAGGGTTGACGATGGAG,Missense,MTase,A719T,-0.131719463,unchanged,,
DNMT3A2_368,AGTGTGTGGACCTCTTGGTG,No_C/Exon,ADD,None,-0.137444783,unchanged,,
DNMT3A2_692,TCGCCCCGATTACGCGCATA,Non-targeting,Control,None,-0.137460219,unchanged,,
DNMT3A2_047,TTGGCTTTCTTCTCAGCCTG,Missense,Nterm,A218T,-0.138711139,unchanged,,
DNMT3A2_036,CCGTATCACACTCGTCTTTC,Missense,Nterm,Not_in_3A1,-0.138904839,unchanged,,
DNMT3A2_678,TATATCGCGGCGTCGTTACA,Non-targeting,Control,None,-0.13985733,unchanged,,
DNMT3A2_287,ACGAGGTGCGGCAGAAGTGC,No_C/Exon,ADD,None,-0.141523063,unchanged,,
DNMT3A2_172,CATGGGCTGCTTGTTGTACG,Silent,Inter1,None,-0.141897254,unchanged,,
DNMT3A2_424,CTGAGAAGAGGAAGCCCATC,No_C/Exon,Inter2,None,-0.142276041,unchanged,,
DNMT3A2_708,TCACCAGGGATAGCCCCATA,Intergenic,Control,None,-0.142536324,unchanged,,
DNMT3A2_267,ATTATTGATGAGCGCACAAG,No_C/Exon,Inter1,None,-0.142629803,unchanged,,
DNMT3A2_046,ATGGGAGAATAACTGGGGTT,No_C/Non-exon,Intron,None,-0.142804036,unchanged,,
DNMT3A2_511,GCACCAGCTGAGAAGGTGGA,Non-exon,Intron,None,-0.143358069,unchanged,,
DNMT3A2_237,GGGTGCCCTCATTTACCTTC,Non-exon,Intron,None,-0.144916293,unchanged,,
DNMT3A2_189,AGGGTGACACGCCAGGGTTG,Non-exon,Intron,None,-0.1455704,unchanged,,
DNMT3A2_726,TATAGGGGAACCCATACGTA,Intergenic,Control,None,-0.146867328,unchanged,,
DNMT3A2_390,AGGGTACCTACGGGCTGCTG,Missense,ADD,T591I,-0.146891317,unchanged,,
DNMT3A2_082,GCTACCACGCCTGAGCCCGT,Missense,Nterm,"T260I, T261M",-0.14715476,unchanged,,
DNMT3A2_709,TGTGGTGTGGTTGATCGCAA,Intergenic,Control,None,-0.149420333,unchanged,,
DNMT3A2_208,CGATGAGAGTGACACTGCCA,No_C/Exon,Inter1,None,-0.149703285,unchanged,,
DNMT3A2_103,CCCCCGGAAAGAGCTGGCCA,Non-exon,Intron,None,-0.149718531,unchanged,,
DNMT3A2_043,CTGTGCAATGGGAGAATAAC,Non-exon,Intron,None,-0.150171664,unchanged,,
DNMT3A2_609,GGAGTTTGACCTCGTAGTAA,No_C/Exon,MTase,None,-0.150342661,unchanged,,
DNMT3A2_657,AGGGACATGGGGGCAAACTG,Non-exon,3'-UTR,None,-0.151026884,unchanged,,
DNMT3A2_240,GGCAGGGGTCCCAGAAAGCT,No_C/Non-exon,Intron,None,-0.157291554,unchanged,,
DNMT3A2_283,GTACACCAGCCGCTCTGCAA,Missense,Inter1,V480I,-0.158632025,unchanged,,
DNMT3A2_547,TGGTTTGGCCAGCTCACTAA,No_C/Non-exon,Intron,None,-0.158729955,unchanged,,
DNMT3A2_530,GGGGCGATCATCTCCCTCCT,Missense,MTase,R749H,-0.160478049,unchanged,,
DNMT3A2_690,CTCGTACGACCGGACGTCTA,Non-targeting,Control,None,-0.162310583,unchanged,,
DNMT3A2_701,TAGTTATGTAGACGTCCTGC,Intergenic,Control,None,-0.165031405,unchanged,,
DNMT3A2_367,GAGTGTGTGGACCTCTTGGT,No_C/Exon,ADD,None,-0.169503725,unchanged,,
DNMT3A2_039,AGTGTGATACGGTGAAAGGA,No_C/Exon,Nterm,None,-0.172128639,unchanged,,
DNMT3A2_490,GGAGTGGGGCCCATTCGATC,No_C/Exon,MTase,None,-0.17474036,unchanged,,
DNMT3A2_243,TGGATCTGCCTGGCGGGCAG,Non-exon,Intron,None,-0.178151228,unchanged,,
DNMT3A2_342,TCCTACTGCACCATCTGCTG,Silent,ADD,None,-0.178347767,unchanged,,
DNMT3A2_262,GCTTCTCCGCTGTGCTCTTC,Missense,Inter1,E463K,-0.182082367,unchanged,,
DNMT3A2_399,TAGCGAAGAACATCTGGAGC,Missense,ADD,A610T,-0.183414411,unchanged,,
DNMT3A2_361,GAAGGAGACCCAGTGAGCAG,No_C/Non-exon,Intron,None,-0.186999447,unchanged,,
DNMT3A2_233,ATTTACCTTCTGGTGGCTCC,Splice,Splice,E427K,-0.18771462,unchanged,,
DNMT3A2_723,TGGGTTGGATGCCACTAACC,Intergenic,Control,None,-0.18861555,unchanged,,
DNMT3A2_575,TGAAAGCTCCTGGGCCTGGG,Non-exon,Intron,None,-0.188780238,unchanged,,
DNMT3A2_033,GAGCGGGTTGTGAGAAGGAA,Missense,Nterm,Not_in_3A1,-0.188790648,unchanged,,
DNMT3A2_715,TGGGCCTCTGTAAACGGCAC,Intergenic,Control,None,-0.189582135,unchanged,,
DNMT3A2_107,TTTCTGCTCCTTGGGGCTCC,Non-exon,Intron,None,-0.19261063,unchanged,,
DNMT3A2_286,AGCGGCTGGTGTACGAGGTG,Silent,Inter1,None,-0.194079772,unchanged,,
DNMT3A2_599,AGCGTCTAGAACCTCTGCTG,Non-exon,Intron,None,-0.198304284,unchanged,,
DNMT3A2_266,ATCAATAATCTCCTTGACCT,No_C/Exon,Inter1,None,-0.199244085,unchanged,,
DNMT3A2_229,TCCAGGCCCTTAGGGCCAGA,Missense,Inter1,G421N,-0.200537374,unchanged,,
DNMT3A2_264,AGCGGAGAAGCCCAAGGTCA,No_C/Exon,Inter1,None,-0.204180828,unchanged,,
DNMT3A2_684,CGTGTCGTTATTCGCGAATC,Non-targeting,Control,None,-0.208571721,unchanged,,
DNMT3A2_469,CAGGGGAAGATCATGTACGT,No_C/Exon,MTase,None,-0.212498407,unchanged,,
DNMT3A2_452,GCTGAAGGACTTGGGCATTC,No_C/Exon,MTase,None,-0.212642056,unchanged,,
DNMT3A2_366,GGAGTGTGTGGACCTCTTGG,No_C/Exon,ADD,None,-0.212963895,unchanged,,
DNMT3A2_206,TCATCGCTGTCGTGGCACAC,Missense,Inter1,"S390N, D391N",-0.213925512,unchanged,,
DNMT3A2_031,TCCTGGAGCGGGTTGTGAGA,No_C/Exon,Nterm,None,-0.215503147,unchanged,,
DNMT3A2_364,ACACTCCACGCAAAAGCACC,Missense,ADD,E561K,-0.217726839,unchanged,,
DNMT3A2_716,TGATATCTGTTCACTACGGT,Intergenic,Control,None,-0.217836533,unchanged,,
DNMT3A2_338,TGCTGTCTAGAACTGCTTTC,Non-exon,Intron,None,-0.2196577,unchanged,,
DNMT3A2_668,CCTACCTGAAACACTGACCT,Essential,Control,None,-0.221371824,unchanged,,
DNMT3A2_696,GACTCCGAAACGTACCGTCG,Non-targeting,Control,None,-0.226207274,unchanged,,
DNMT3A2_475,GCATGTATGTCCATGCTGTG,No_C/Exon,MTase,None,-0.226919618,unchanged,,
DNMT3A2_703,CTCTGGAAGACTTTAGCCGC,Intergenic,Control,None,-0.228158902,unchanged,,
DNMT3A2_075,GTAGCCACAGTGGGGGATGC,Missense,Nterm,"V258I, A259T",-0.232275089,unchanged,,
DNMT3A2_169,GCACTGCAAAACGAGCTCAG,Missense,Inter1,"C351Y, S352N",-0.233345787,unchanged,,
DNMT3A2_344,CCTACTGCACCATCTGCTGT,Silent,ADD,None,-0.237765951,unchanged,,
DNMT3A2_385,CCTGGAACTGCTACATGTGC,Silent,ADD,None,-0.239127073,unchanged,,
DNMT3A2_663,ACGTACCTGTTGAAAAGTGC,Essential,Control,None,-0.248109388,unchanged,,
DNMT3A2_045,GTGCAATGGGAGAATAACTG,Non-exon,Intron,None,-0.249572204,unchanged,,
DNMT3A2_250,TCCGTGTACACTTCTTTGTA,No_C/Exon,Inter1,None,-0.256942552,unchanged,,
DNMT3A2_382,CCGCACATGTAGCAGTTCCA,Missense,ADD,"M585I, C586Y",-0.256961679,unchanged,,
DNMT3A2_417,GGGACAGGTGGGTAAACCTT,Missense,Inter2,V626I,-0.257446118,unchanged,,
DNMT3A2_670,ACTACCTTATGATAGAGTTC,Essential,Control,None,-0.264765385,unchanged,,
DNMT3A2_191,GGAGGGTGACACGCCAGGGT,No_C/Non-exon,Intron,None,-0.266520043,unchanged,,
DNMT3A2_541,CATGGGCGTTAGTGACAAGA,Silent,MTase,None,-0.266736889,unchanged,,
DNMT3A2_207,TGTCACTCTCATCGCTGTCG,Missense,Inter1,"S393N, D394N",-0.268350997,unchanged,,
DNMT3A2_040,GTGATACGGTGAAAGGATGG,Missense,Nterm,Not_in_3A1,-0.275394389,unchanged,,
DNMT3A2_073,TGACCCCGCATCCCCCACTG,Missense,Nterm,P253F,-0.297736368,unchanged,,
DNMT3A2_552,GGCATCAATCATCACAGGGT,Missense,MTase,D781N,-0.29816987,unchanged,,
DNMT3A2_009,TAGGTTCCTGGACGGAGCCC,Non-exon,Intron,None,-0.304978104,unchanged,,
DNMT3A2_714,GGAGTAAACCCGCATGATGG,Intergenic,Control,None,-0.320339968,unchanged,,
DNMT3A2_679,TTCCGTTAGTATGCCGTACG,Non-targeting,Control,None,-0.324970591,unchanged,,
DNMT3A2_037,CCTGAAAGACGAGTGTGATA,No_C/Exon,Nterm,None,-0.329725365,unchanged,,
DNMT3A2_649,CCTTCAGCGGAGCGAAGAGG,Silent,MTase,None,-0.355924359,unchanged,,
DNMT3A2_728,CAGGCCATTATAACGTAATG,Intergenic,Control,None,-0.361193638,unchanged,,
DNMT3A2_288,GCAGAAGTGCCGGAACATTG,No_C/Exon,ADD,None,-0.362890663,unchanged,,
DNMT3A2_398,AGCGAAGAACATCTGGAGCC,No_C/Exon,ADD,None,-0.368328336,unchanged,,
DNMT3A2_021,TCCCCGCCCCCGGTCTCCCC,Non-exon,Intron,None,-0.370817255,unchanged,,
DNMT3A2_260,TTCTCCGCTGTGCTCTTCCG,Missense,Inter1,"A462T, E463K",-0.371613697,unchanged,,
DNMT3A2_312,GGTGTTCCAGGGTAACATTG,Missense,ADD,E505K,-0.388036336,unchanged,,
DNMT3A2_633,ACTGGGAAACCAAATACCCT,No_C/Exon,MTase,None,-0.396062811,unchanged,,
DNMT3A2_381,CGCACATGTAGCAGTTCCAG,Missense,ADD,M585I,-0.397556924,unchanged,,
DNMT3A2_310,GGTAACATTGAGGCTCCCAC,Missense,ADD,V502I,-0.407768432,unchanged,,
DNMT3A2_654,TGCGTGTGTGTAAGGGACAT,No_C/Exon,MTase,None,-0.411606388,unchanged,,
DNMT3A2_154,GTGGGGTTTGGCAGTAGCCT,No_C/Non-exon,Intron,None,-0.435163032,depleted,,
DNMT3A2_422,TGGGCTTCCTCTTCTCAGCT,Silent,Inter2,None,-0.461357171,depleted,,
DNMT3A2_269,AGAGGTAGTTGGCCTGCTTC,No_C/Exon,Inter1,None,-0.465899355,depleted,,
DNMT3A2_343,CCCACAGCAGATGGTGCAGT,Missense,ADD,"C540Y, C541Y",-0.469470668,depleted,,
DNMT3A2_032,TCCTTCTCACAACCCGCTCC,Missense,Nterm,Not_in_3A1,-0.470358456,depleted,,
DNMT3A2_044,TGTGCAATGGGAGAATAACT,Non-exon,Intron,None,-0.575191887,depleted,,
DNMT3A2_664,TAAAATACCTCCATTGATTC,Essential,Control,None,-0.665070438,depleted,,
DNMT3A2_414,TCCTAAGCAGTGAGCACAAC,Non-exon,Intron,None,-0.720477558,depleted,,
DNMT3A2_340,GGTAGCCGTCGTCGTCGTAC,Missense,ADD,G532N,-1.160705771,depleted,Yes,sgG532 in paper